"","rep_id","size_net","clus_coeff","pathlength","init_mode","assortativity","init","rewire","neighbors","clus_type","mean_mean","mean_sd","sd_mean","sd_sd"
"1",1,150,0.579173069674555,1.68134228187919,0.533933124825608,0.00255787146414308,"0.1",0.1,"48","big",0.506072569303822,6.95759869588862e-07,0.00120937108799389,3.02897824719803e-08
"2",2,150,0.570937658910876,1.6807158836689,0.552634820135587,0.0326073351208741,"0.1",0.1,"48","big",0.498495918247344,6.95788460159751e-07,0.000212827358004566,3.09476372002149e-08
"3",3,150,0.591959776908936,1.6841163310962,0.574561401100521,0.0161837344349253,"0.1",0.1,"48","big",0.500336351793512,6.95787703572665e-07,0.000377406677462109,3.07448579901638e-08
"4",4,150,0.586659076572152,1.68706935123043,0.549561741476037,0.000216798389902791,"0.1",0.1,"48","big",0.50158554229769,6.95725748900856e-07,0.00132673915129469,3.02487122669408e-08
"5",5,150,0.596540168123142,1.68331096196868,0.55929912651626,0.0245118047459596,"0.1",0.1,"48","big",0.516684978325635,6.95715486544091e-07,0.000751739606025511,2.99841983168224e-08
"6",6,150,0.589247044112665,1.68402684563758,0.564011518669835,-0.0183221839380288,"0.1",0.1,"48","big",0.502596428061021,6.95702540767531e-07,0.000690717664104606,2.98313667177934e-08
"7",7,150,0.578179948657802,1.68286353467562,0.512605233842824,-0.00271021210652418,"0.1",0.1,"48","big",0.508711501664668,6.95815702570643e-07,0.000988340548247372,3.11968787245663e-08
"8",8,150,0.583736865260082,1.68474272930649,0.560082415093124,0.00606397944224041,"0.1",0.1,"48","big",0.508658337064605,6.96020950430944e-07,0.000518343602499479,3.34202788135774e-08
"9",9,150,0.580993402070913,1.68152125279642,0.558269128502824,-0.0202685438702956,"0.1",0.1,"48","big",0.511066769129846,6.95474648989168e-07,0.000431478183418148,2.70168184070285e-08
"10",10,150,0.569504115118121,1.68008948545861,0.567991427643718,-0.00707638893666503,"0.1",0.1,"48","big",0.493867071623645,6.96035890687036e-07,0.000726739101355607,3.34411611093218e-08
"11",11,150,0.57479571932888,1.68107382550336,0.56230899464166,0.00188238492498707,"0.1",0.1,"48","big",0.488323168456855,6.95807850312203e-07,0.000979804243211107,3.08619725933268e-08
"12",12,150,0.58167591768112,1.68170022371365,0.523804146186437,0.0297167844885399,"0.1",0.1,"48","big",0.505023283101313,6.95744612515238e-07,0.000837146522104633,3.00844152054095e-08
"13",13,150,0.574972491283161,1.68161073825503,0.5728782980884,0.0203463049957405,"0.1",0.1,"48","big",0.492768327910893,6.9586062956352e-07,0.00066368167657851,3.1601664587193e-08
"14",14,150,0.582443361286792,1.682774049217,0.595499911055804,-0.0121591840851452,"0.1",0.1,"48","big",0.497195670363961,6.95629415772635e-07,0.000371174306401383,2.88447991869756e-08
"15",15,150,0.592799788811287,1.68152125279642,0.581761241570566,-0.00493145233671958,"0.1",0.1,"48","big",0.4990905093767,6.95791822490334e-07,0.00028431178085803,3.08578938393875e-08
"16",16,150,0.587975212288002,1.68402684563758,0.514283104921518,-0.00524696386573779,"0.1",0.1,"48","big",0.486401326965358,6.95481641642988e-07,0.00167199630424816,2.71512157016254e-08
"17",17,150,0.581293827380476,1.68250559284116,0.567682691123198,0.00635779225339449,"0.1",0.1,"48","big",0.490358034074877,6.95767851415388e-07,0.00137463292344413,3.07381214377685e-08
"18",18,150,0.592117912997353,1.68527964205817,0.577831467143708,0.0114568541947019,"0.1",0.1,"48","big",0.50822230906528,6.95557791561887e-07,0.0017296040030704,2.81738226013003e-08
"19",19,150,0.565031499139406,1.68116331096197,0.550131332844254,-0.00549909508561891,"0.1",0.1,"48","big",0.500285326921367,6.9565207548021e-07,0.000629256113621823,2.92456011088295e-08
"20",20,150,0.583312134574362,1.68241610738255,0.563323709008777,-0.00738642946527751,"0.1",0.1,"48","big",0.497521336779468,6.95530048711901e-07,0.000748675000611306,2.757046185285e-08
"21",21,150,0.584518635362827,1.68214765100671,0.539051629469358,-0.0110207200965651,"0.1",0.1,"48","big",0.496311655070959,6.95713009829416e-07,0.00163696854887416,2.97326112845925e-08
"22",22,150,0.588136677957695,1.68420581655481,0.54709725907035,-0.0137773568798425,"0.1",0.1,"48","big",0.510471244635852,6.96044507215928e-07,0.000124727211772564,3.37428651440725e-08
"23",23,150,0.572574644941993,1.68286353467562,0.598005973899294,0.0272697910642636,"0.1",0.1,"48","big",0.506078467210308,6.95733312224315e-07,0.000278414531465787,2.98913023298345e-08
"24",24,150,0.580253107322273,1.68178970917226,0.536573649071292,0.00892351660840989,"0.1",0.1,"48","big",0.4909050952899,6.95950997749678e-07,0.00103477733540555,3.2530855677954e-08
"25",25,150,0.580044284756757,1.68250559284116,0.566634320323128,-0.011784870970699,"0.1",0.1,"48","big",0.504620016724647,6.9594609602621e-07,0.00147752693379642,3.2587813014741e-08
"26",26,150,0.571348193789701,1.6807158836689,0.557410244403015,-0.00346915864206305,"0.1",0.1,"48","big",0.499147005402426,6.96046971744565e-07,0.00081482443230751,3.3378537681171e-08
"27",27,150,0.588205031115231,1.68510067114094,0.569090479844846,-0.0201556716992936,"0.1",0.1,"48","big",0.490537113671269,6.95724199678925e-07,0.000389132262973437,3.00964591432588e-08
"28",28,150,0.580943831617907,1.68107382550336,0.54845557454606,-0.0229135753524352,"0.1",0.1,"48","big",0.506462107712251,6.96024541260143e-07,0.00156198811064585,3.36820238087756e-08
"29",29,150,0.58355893512787,1.68474272930649,0.538122942597526,0.0261073071996722,"0.1",0.1,"48","big",0.49684231889166,6.95772966365818e-07,0.00087980074533122,3.06664405660972e-08
"30",30,150,0.578683309139748,1.68134228187919,0.552854514399471,-0.000221925330380365,"0.1",0.1,"48","big",0.490028068175277,6.96112257148035e-07,0.000576677009308058,3.43866742139364e-08
"31",31,150,0.579606566630439,1.68170022371365,0.584027797950582,-0.00837128655128522,"0.1",0.1,"48","big",0.494037211814344,6.95667726404405e-07,0.00109048922093009,2.95264993559697e-08
"32",32,150,0.589904293569329,1.68366890380313,0.556035908819508,-0.0228937968243373,"0.1",0.1,"48","big",0.508111347046707,6.95619049935599e-07,0.000455864540713799,2.89541918752967e-08
"33",33,150,0.573590728348997,1.68161073825503,0.57374083956573,-0.00849041450935728,"0.1",0.1,"48","big",0.499005256357028,6.96188888040767e-07,0.00136565245303969,3.52122813038618e-08
"34",34,150,0.598931664411379,1.68286353467562,0.604108363707036,0.0101487666116619,"0.1",0.1,"48","big",0.488773067473334,6.95527383698345e-07,0.000585632145157283,2.76042027665969e-08
"35",35,150,0.584344038863987,1.682774049217,0.543296462041243,-0.031945788964182,"0.1",0.1,"48","big",0.497076562086822,6.9564420429538e-07,0.000280076693321852,2.90564346884316e-08
"36",36,150,0.573789333365417,1.68125279642058,0.583166394000517,-0.00358060514574271,"0.1",0.1,"48","big",0.49300688531327,6.95803480072261e-07,0.00112617430594533,3.08269260873369e-08
"37",37,150,0.574362309812059,1.6807158836689,0.561327030483462,-0.0142790873271361,"0.1",0.1,"48","big",0.494567947865928,6.95856992875305e-07,0.000964754041444815,3.12838082031171e-08
"38",38,150,0.57018659444789,1.68062639821029,0.611176609030348,-0.0128454237823876,"0.1",0.1,"48","big",0.493269370985669,6.95926010606006e-07,0.000577855411973041,3.25632029654613e-08
"39",39,150,0.589893503970583,1.68536912751678,0.571689560805858,0.00113067933790834,"0.1",0.1,"48","big",0.496163284844871,6.95714903312198e-07,0.000960141497272716,2.97707073586345e-08
"40",40,150,0.573201827097288,1.68268456375839,0.568278709393204,-0.0103681103405033,"0.1",0.1,"48","big",0.505390293594932,6.95786267891575e-07,0.000758294480152449,3.07334362780544e-08
"41",41,150,0.590234493213406,1.68286353467562,0.575092480333887,-0.01985739998961,"0.1",0.1,"48","big",0.507798930436278,6.95594317460252e-07,0.00109720442966704,2.86243273386761e-08
"42",42,150,0.589391372474936,1.68223713646532,0.569488853911012,-0.0261639171833488,"0.1",0.1,"48","big",0.493399666691042,6.95834777016413e-07,0.000921497549204748,3.16321882333083e-08
"43",43,150,0.583437723194394,1.68429530201342,0.580794209078167,-0.0195116246366609,"0.1",0.1,"48","big",0.497382706854082,6.95588845196076e-07,0.00125847276568148,2.79638402652481e-08
"44",44,150,0.579928909459614,1.68447427293065,0.561510757386423,-0.00341922632766762,"0.1",0.1,"48","big",0.511001705405248,6.95452566346857e-07,0.00143053870823194,2.65944555767045e-08
"45",45,150,0.576055916979542,1.68268456375839,0.559794350372634,0.0181107896635765,"0.1",0.1,"48","big",0.486551756717042,6.95810260271225e-07,0.000987442796111329,3.10258460816781e-08
"46",46,150,0.580474292163009,1.68107382550336,0.565272391969734,-0.0145415201073966,"0.1",0.1,"48","big",0.49073320206756,6.95782789688327e-07,0.000339760223361156,3.07180668342934e-08
"47",47,150,0.583554083833964,1.68196868008949,0.554080025535555,-0.00637372438637353,"0.1",0.1,"48","big",0.506068178310869,6.95601749508227e-07,0.000452476302520372,2.86101209977939e-08
"48",48,150,0.573116275113939,1.6820581655481,0.580362505290258,-0.0119070527150055,"0.1",0.1,"48","big",0.477250094987586,6.95464688625491e-07,0.000494516035416131,2.691250843963e-08
"49",49,150,0.577959140161249,1.68375838926174,0.567698973249854,0.00729435142739059,"0.1",0.1,"48","big",0.49351090392476,6.95784411072154e-07,0.000615770664789149,3.06647749520136e-08
"50",50,150,0.578000813253918,1.68008948545861,0.583508547299899,-0.0115315338576213,"0.1",0.1,"48","big",0.481259962666503,6.95787705463749e-07,0.00115519394237058,3.09211626333737e-08
"51",51,150,0.5941775851996,1.68536912751678,0.562595420687188,-0.0238615591280318,"0.1",0.1,"48","big",0.508730988386123,6.95907504827082e-07,0.000576952909515901,3.1976304855731e-08
"52",52,150,0.584007493894272,1.68187919463087,0.593294374612592,-0.0106188430507128,"0.1",0.1,"48","big",0.482338851930268,6.95924263768518e-07,0.000792895682400587,3.23467346296257e-08
"53",53,150,0.585743610481079,1.68420581655481,0.572716319500454,-0.0136549508691228,"0.1",0.1,"48","big",0.512392850580997,6.95684019628795e-07,0.000492535670836458,2.96147343424972e-08
"54",54,150,0.579263734834039,1.68080536912752,0.575348537906602,-0.0121512893226934,"0.1",0.1,"48","big",0.494710702965872,6.95565053289586e-07,0.00061544756041219,2.80944311048576e-08
"55",55,150,0.588636657277311,1.68635346756152,0.549849572710291,-0.005001989745405,"0.1",0.1,"48","big",0.507514017417548,6.95679639490248e-07,0.0012099819727767,2.99689765362534e-08
"56",56,150,0.579177061706878,1.68143176733781,0.545117800470319,-0.0095935220784449,"0.1",0.1,"48","big",0.492821021356222,6.95917860590266e-07,0.0012470572187408,3.24078994435009e-08
"57",57,150,0.586407050432626,1.68402684563758,0.55028482003673,0.0137042620572156,"0.1",0.1,"48","big",0.491092118173507,6.95633212914806e-07,0.000223220960677224,2.8885321485999e-08
"58",58,150,0.586814678297032,1.682774049217,0.585983928839337,-0.0140247034668334,"0.1",0.1,"48","big",0.502245484180957,6.95919398629957e-07,0.000426162194727211,3.21345643799071e-08
"59",59,150,0.578876784033323,1.68223713646532,0.589725234576468,-0.0168117036523943,"0.1",0.1,"48","big",0.511387231114993,6.95810124813518e-07,0.00129784984236995,3.11027369356584e-08
"60",60,150,0.586261810309013,1.682774049217,0.562129901229367,-0.00199631718377986,"0.1",0.1,"48","big",0.488506571408225,6.95954038452774e-07,0.00131128304389136,3.28256447357462e-08
"61",61,150,0.583368179639047,1.68501118568233,0.547607157741099,-0.0287810995339937,"0.1",0.1,"48","big",0.492470820824692,6.95751894429455e-07,0.0004336823787443,3.04771257709736e-08
"62",62,150,0.580755077388223,1.68232662192394,0.583090128944116,-0.00611659109497588,"0.1",0.1,"48","big",0.490117553590536,6.96092044380921e-07,0.00150474877063292,3.41268287527923e-08
"63",63,150,0.584705435205751,1.68223713646532,0.559307238261639,-0.00753805675158019,"0.1",0.1,"48","big",0.489805112267556,6.95797611859448e-07,0.00104114525205981,3.09608788024517e-08
"64",64,150,0.582678473072384,1.68492170022371,0.56603850259235,-0.0235345798562994,"0.1",0.1,"48","big",0.489809408908236,6.96004571386087e-07,0.000259281764525827,3.3440259652104e-08
"65",65,150,0.59230121902563,1.68608501118568,0.552994234323365,-0.00686729029262696,"0.1",0.1,"48","big",0.494834548337859,6.95747326793489e-07,0.000159986974510366,3.0303032529049e-08
"66",66,150,0.573850988094949,1.6807158836689,0.587203343177745,-0.0111810857425759,"0.1",0.1,"48","big",0.485497673205237,6.95654942577689e-07,0.000784427446502524,2.92114888633022e-08
"67",67,150,0.575889553665602,1.68286353467562,0.575773814827625,-0.0037519889910293,"0.1",0.1,"48","big",0.500157258847558,6.9587417007283e-07,0.00199197986237579,3.20411346186961e-08
"68",68,150,0.581722193940945,1.68178970917226,0.571149988079698,-0.00853671980329256,"0.1",0.1,"48","big",0.500402867518912,6.95870461842875e-07,0.000935739011197282,3.17826288403593e-08
"69",69,150,0.588378293716834,1.68143176733781,0.5499367615071,0.0134104030646367,"0.1",0.1,"48","big",0.495618520428524,6.95845009489926e-07,0.000722780724254579,3.15330540064411e-08
"70",70,150,0.580425001011601,1.68331096196868,0.584730674026412,-0.0317862871656022,"0.1",0.1,"48","big",0.504553861447171,6.95452306422897e-07,0.0004870689968012,2.66973182802833e-08
"71",71,150,0.582917410230635,1.68375838926174,0.543168102759923,-0.0241614443506833,"0.1",0.1,"48","big",0.496707091875315,6.95743415101628e-07,0.00087348977044383,3.03522101149077e-08
"72",72,150,0.57923759999197,1.68080536912752,0.55080083936979,0.0044721840821125,"0.1",0.1,"48","big",0.499932919509392,6.95912581687186e-07,0.000954600347288985,3.21802434982579e-08
"73",73,150,0.581402293910083,1.68259507829978,0.544244901167257,-0.0238811810299264,"0.1",0.1,"48","big",0.485402949812664,6.95719128621333e-07,0.000497023198179671,3.01266881233895e-08
"74",74,150,0.572195682113251,1.68116331096197,0.578284655760225,0.00561410674120928,"0.1",0.1,"48","big",0.488326417152889,6.95698194779043e-07,0.000384059069215786,2.95880737120482e-08
"75",75,150,0.576548447641762,1.68241610738255,0.587527167541253,-0.0150765051824341,"0.1",0.1,"48","big",0.510443889048975,6.95964272829076e-07,0.00175238726791067,3.26652310900316e-08
"76",76,150,0.589250409420668,1.68259507829978,0.551101691625993,0.0106196684448766,"0.1",0.1,"48","big",0.495127556332118,6.95553889162974e-07,0.000759863414094655,2.79176572871633e-08
"77",77,150,0.584222037877291,1.68348993288591,0.574337381408461,-0.0162406933595711,"0.1",0.1,"48","big",0.48927079753689,6.96033015400571e-07,0.000657136327438383,3.3526861757322e-08
"78",78,150,0.57320214952684,1.68062639821029,0.53884445328711,0.00867924791154067,"0.1",0.1,"48","big",0.482878947637686,6.96016377070017e-07,0.000589642488300812,3.32854172607984e-08
"79",79,150,0.589669959006704,1.68519015659955,0.548029921496094,0.000251146990196975,"0.1",0.1,"48","big",0.50221074534267,6.9583377502408e-07,0.0014807991589314,3.14178149576308e-08
"80",80,150,0.581074646775563,1.682774049217,0.563310250312086,-0.00132785584427334,"0.1",0.1,"48","big",0.512972687468325,6.95616478765955e-07,0.00105819453873142,2.88686037751205e-08
"81",81,150,0.587878609009939,1.68259507829978,0.560052219171798,0.0235335251875955,"0.1",0.1,"48","big",0.506499422187838,6.95793904371563e-07,0.000137738448867143,3.06879036984281e-08
"82",82,150,0.582970288135756,1.68697986577181,0.537555596808722,-0.0206758044385011,"0.1",0.1,"48","big",0.494602330512546,6.95834798772477e-07,0.000295274335391268,3.13302871465609e-08
"83",83,150,0.575297471378191,1.68134228187919,0.546859832806596,-0.0253033669302835,"0.1",0.1,"48","big",0.502851249048497,6.95963666053446e-07,0.000196672702539825,3.24277033628764e-08
"84",84,150,0.581456102876855,1.68393736017897,0.557563893629763,-0.0112248799945588,"0.1",0.1,"48","big",0.493729631564503,6.95812878881678e-07,0.00111495760179431,3.11703969143324e-08
"85",85,150,0.5931116544293,1.68501118568233,0.581524920343762,-0.00796964046779191,"0.1",0.1,"48","big",0.504070001239173,6.95728598599134e-07,0.000551859835926617,3.02082615693913e-08
"86",86,150,0.58417040013072,1.68465324384787,0.543035310538185,-0.000811954389344894,"0.1",0.1,"48","big",0.499471364068008,6.95455553118224e-07,0.00121997974258499,2.65843716155963e-08
"87",87,150,0.5886348985793,1.68214765100671,0.639216628515217,-0.0136804195727888,"0.1",0.1,"48","big",0.488514609618477,6.95937490409705e-07,0.00022277387880921,3.26367312974489e-08
"88",88,150,0.581973613482426,1.68492170022371,0.575812836795965,0.0082216215765125,"0.1",0.1,"48","big",0.508225465432752,6.95837082078791e-07,0.000797692737940869,3.17791005093794e-08
"89",89,150,0.575602725412571,1.68331096196868,0.556890348869609,0.0281570730429617,"0.1",0.1,"48","big",0.503188344456625,6.95828200930152e-07,0.00138906779206717,3.1468688878549e-08
"90",90,150,0.584541419481381,1.68375838926174,0.532661563624726,-0.0188377554502096,"0.1",0.1,"48","big",0.494058689235569,6.95759853380615e-07,0.000886808223491396,3.04156910255571e-08
"91",91,150,0.582025873393841,1.68268456375839,0.548947285789063,0.0185260753335517,"0.1",0.1,"48","big",0.507177783886136,6.95809052647549e-07,0.000834838010472533,3.08606833814847e-08
"92",92,150,0.579944967935532,1.68286353467562,0.549904755828729,-0.00166787428055827,"0.1",0.1,"48","big",0.515047314230148,6.95816433801244e-07,0.00103645222621681,3.11994789584148e-08
"93",93,150,0.577264899432763,1.68178970917226,0.548902105158472,-0.023356496574785,"0.1",0.1,"48","big",0.499668619961259,6.95843813992003e-07,0.000684335170773847,3.13834442101989e-08
"94",94,150,0.591678551853877,1.68447427293065,0.594280211054317,-0.00881356665701807,"0.1",0.1,"48","big",0.496622069765013,6.96059687130506e-07,0.00158886974488552,3.36126921428473e-08
"95",95,150,0.590316708720649,1.68313199105145,0.599616918037891,0.0148304152993551,"0.1",0.1,"48","big",0.498032733716397,6.95648548021564e-07,0.000685782800785398,2.9202601650845e-08
"96",96,150,0.57921833848566,1.68331096196868,0.579666539675798,0.0243660568821419,"0.1",0.1,"48","big",0.508008723327178,6.9583219146601e-07,0.00154316243199066,3.14106699917706e-08
"97",97,150,0.587985470456001,1.68322147651007,0.573515935302306,-0.0147381884799353,"0.1",0.1,"48","big",0.501392050840831,6.95834971249405e-07,0.000539052539754581,3.13746449484351e-08
"98",98,150,0.586430623335541,1.68187919463087,0.599564278961906,0.00885087333949842,"0.1",0.1,"48","big",0.503946299841209,6.95794242402621e-07,0.00120238244823018,3.09603173726236e-08
"99",99,150,0.575772331053496,1.68259507829978,0.565211957923341,0.0322579103404746,"0.1",0.1,"48","big",0.491085232156993,6.95808558699072e-07,0.00090311548512805,3.13573061203804e-08
"100",100,150,0.586147335875939,1.682774049217,0.591145220120639,-0.0156661943018146,"0.1",0.1,"48","big",0.496326449903383,6.95690101725555e-07,0.000788186443303583,2.97214240054474e-08
"101",101,150,0.569555026941104,1.68035794183445,0.546514109399771,-0.0155085265637167,"0.5",0.1,"48","big",0.493113050368214,6.95776258933637e-07,0.00193296189692158,3.08504451013744e-08
"102",102,150,0.570026399323866,1.68286353467562,0.559020922307998,-0.00129568193658185,"0.5",0.1,"48","big",0.499840633968132,6.95552733310816e-07,0.000769660512238515,2.77915893158276e-08
"103",103,150,0.582428293253205,1.68107382550336,0.572569339743503,-0.0012772166530866,"0.5",0.1,"48","big",0.505163432584541,6.95840950389177e-07,0.00211143345228085,3.14395500387467e-08
"104",104,150,0.575042535818907,1.68062639821029,0.556767862697661,0.0177622918781396,"0.5",0.1,"48","big",0.464291258145731,6.95958850506435e-07,0.00257313283423757,3.26500259682113e-08
"105",105,150,0.574751289585061,1.68116331096197,0.578826436758733,0.00709757999378927,"0.5",0.1,"48","big",0.487590134856532,6.95918591008556e-07,0.00155998839769497,3.21592567879762e-08
"106",106,150,0.588650507548075,1.68474272930649,0.556764215621389,-0.0150015770528835,"0.5",0.1,"48","big",0.494675569346735,6.95579838700282e-07,0.00284423954364447,2.82651483486613e-08
"107",107,150,0.573684949269604,1.67982102908277,0.564876281070253,0.0126586774963429,"0.5",0.1,"48","big",0.503911320596161,6.95894275620425e-07,0.00102099968593331,3.21073609637503e-08
"108",108,150,0.581196281660433,1.682774049217,0.573113199754451,0.0147967462176376,"0.5",0.1,"48","big",0.47517925834049,6.959747587961e-07,0.00234677407444254,3.2766956945115e-08
"109",109,150,0.58029001414529,1.68402684563758,0.580033656788794,-0.0294932060307838,"0.5",0.1,"48","big",0.532926988610456,6.95860712254714e-07,0.000805348769652123,3.17358700243093e-08
"110",110,150,0.572091794085416,1.68250559284116,0.592751078107108,0.00560212252635742,"0.5",0.1,"48","big",0.53564578789088,6.95585313662535e-07,0.00398777172577851,2.83089337423378e-08
"111",111,150,0.579394170517471,1.68187919463087,0.552070177007482,-0.00975824819238013,"0.5",0.1,"48","big",0.513418977445107,6.95712041511482e-07,0.00252735746567381,2.9821938662259e-08
"112",112,150,0.574945007800156,1.68089485458613,0.578419706475508,-0.00899257254604985,"0.5",0.1,"48","big",0.470241941985793,6.95899107524302e-07,0.00369245752096621,3.21869571936457e-08
"113",113,150,0.569792504294074,1.68170022371365,0.595004849490807,0.00309998913555194,"0.5",0.1,"48","big",0.531829359104609,6.95737225300952e-07,0.00300488777403682,3.02362774670532e-08
"114",114,150,0.577504615604228,1.68510067114094,0.545570683140695,-0.011863703986486,"0.5",0.1,"48","big",0.490376567028911,6.95817233829624e-07,0.00307984325895699,3.09919685168236e-08
"115",115,150,0.581482115349743,1.67973154362416,0.585727686693635,-0.00934978866145695,"0.5",0.1,"48","big",0.492575113354858,6.95619627133417e-07,0.00200378987719227,2.86591307510111e-08
"116",116,150,0.584554698796934,1.68375838926174,0.560169958690551,0.00568080884437247,"0.5",0.1,"48","big",0.46613947411504,6.95837304773946e-07,0.00509794036628102,3.1359322259672e-08
"117",117,150,0.578584814156327,1.68259507829978,0.523198440960913,-0.00367093245755672,"0.5",0.1,"48","big",0.487664154267017,6.95810749429572e-07,0.000900322021375343,3.09896651354603e-08
"118",118,150,0.589587453207841,1.68581655480984,0.572139757347018,-0.00429374723400904,"0.5",0.1,"48","big",0.474626778374838,6.95515600911667e-07,0.000467432080506936,2.75343957774416e-08
"119",119,150,0.585884948337789,1.68161073825503,0.558114313115251,-0.0270361287321919,"0.5",0.1,"48","big",0.439123249154052,6.96050771025299e-07,0.00116416920236961,3.36145392207454e-08
"120",120,150,0.588442394104705,1.68366890380313,0.552993940933632,-0.00953262969645683,"0.5",0.1,"48","big",0.465359335923175,6.95791687946321e-07,0.00287906362126332,3.10318162156092e-08
"121",121,150,0.586179314869059,1.68295302013423,0.546698957951387,-0.0311858894107414,"0.5",0.1,"48","big",0.535218896416763,6.95748039345387e-07,0.00172700528801789,3.03746541543706e-08
"122",122,150,0.582841667301675,1.68357941834452,0.585924054896504,-0.0257984781904282,"0.5",0.1,"48","big",0.521249798809958,6.95975036751925e-07,0.00178090132095776,3.2820105563541e-08
"123",123,150,0.583201740865609,1.685548098434,0.538970251556184,-0.00706955859127979,"0.5",0.1,"48","big",0.499021060527662,6.95851863623322e-07,0.00128023756329504,3.15398559936149e-08
"124",124,150,0.583114689937517,1.68250559284116,0.526037816427849,-0.0243226321195661,"0.5",0.1,"48","big",0.524906862451093,6.95891919191751e-07,0.00257266502627824,3.176092393541e-08
"125",125,150,0.587814310568148,1.6841163310962,0.539945390571565,-0.00617196761819791,"0.5",0.1,"48","big",0.496265586338069,6.95958558697468e-07,0.00258105224249117,3.29209830010078e-08
"126",126,150,0.5828692530594,1.68322147651007,0.58451206260316,0.00686100402377967,"0.5",0.1,"48","big",0.497930398991467,6.95707646098308e-07,0.00190246086799144,2.98119821470823e-08
"127",127,150,0.581959896912715,1.68107382550336,0.555378448775864,-0.0104989464743959,"0.5",0.1,"48","big",0.523237354152742,6.95821302111163e-07,0.00115644562248356,3.13618800054587e-08
"128",128,150,0.579379803184817,1.68214765100671,0.575493817024526,-0.00921822601512732,"0.5",0.1,"48","big",0.506103765158969,6.95761031427416e-07,0.00320698882766076,3.05688140688829e-08
"129",129,150,0.581463571559927,1.68259507829978,0.564874152291855,0.0157549842446006,"0.5",0.1,"48","big",0.494216934302955,6.95818002524984e-07,0.00441507649046713,3.12244007273127e-08
"130",130,150,0.579653830510872,1.68187919463087,0.546429437407643,-0.0184752150477918,"0.5",0.1,"48","big",0.478417646177603,6.9614441821147e-07,0.0017311745574844,3.4836047385531e-08
"131",131,150,0.569600498612803,1.67973154362416,0.564417730177957,-0.0195035460992915,"0.5",0.1,"48","big",0.490951246152107,6.9559819193447e-07,0.0036578955683098,2.84214845088184e-08
"132",132,150,0.579366552648044,1.68268456375839,0.547999553214789,0.00791385802563228,"0.5",0.1,"48","big",0.499451365616147,6.95982540927755e-07,0.00221581853314022,3.31239908607767e-08
"133",133,150,0.581352565405055,1.68161073825503,0.563935577673007,-0.00995330283530711,"0.5",0.1,"48","big",0.551428833963774,6.95586607534314e-07,0.0024134853932134,2.84476710263544e-08
"134",134,150,0.587128989461332,1.68366890380313,0.594390282432428,0.00802847852943715,"0.5",0.1,"48","big",0.501332457834358,6.95667905398393e-07,0.00122787396715588,2.92621302053988e-08
"135",135,150,0.583850189489296,1.6848322147651,0.573747386187507,-0.0194583833315165,"0.5",0.1,"48","big",0.515097211137691,6.95817358806982e-07,0.0013658885324964,3.1141524330563e-08
"136",136,150,0.577741662472689,1.68340044742729,0.536601893410337,-0.0165450209148994,"0.5",0.1,"48","big",0.509314356189081,6.9599539640362e-07,0.00503317882062911,3.29251533006186e-08
"137",137,150,0.575539019378153,1.68357941834452,0.544585656553797,-0.0236929627780828,"0.5",0.1,"48","big",0.512131332129137,6.95551887464279e-07,0.00304725344796762,2.78740571032308e-08
"138",138,150,0.579792309154444,1.68053691275168,0.552338240847535,-0.0192347576201528,"0.5",0.1,"48","big",0.536520180525053,6.95858750541739e-07,0.00206291476350514,3.15947052243951e-08
"139",139,150,0.589365634393581,1.68304250559284,0.538905729940173,0.0043451502744576,"0.5",0.1,"48","big",0.502132323316239,6.95626885883006e-07,0.00483228403392314,2.87811389422772e-08
"140",140,150,0.575121947208908,1.682774049217,0.587911923170088,-0.00493115767248077,"0.5",0.1,"48","big",0.509701322120772,6.95967260501589e-07,0.00244316036082184,3.25977945370848e-08
"141",141,150,0.582407587417629,1.68223713646532,0.610134326457304,-0.0074682491539509,"0.5",0.1,"48","big",0.499664597277646,6.95800569262673e-07,0.00102818339847256,3.08445493495563e-08
"142",142,150,0.574502595776682,1.6820581655481,0.555094837866831,0.00757109305067638,"0.5",0.1,"48","big",0.502046144438478,6.95892460938179e-07,0.00225225833244731,3.2335449201134e-08
"143",143,150,0.589565431261505,1.68501118568233,0.558244256909654,-0.0108126553639004,"0.5",0.1,"48","big",0.499215596983484,6.95799507587532e-07,0.00481544885361131,3.09502170638394e-08
"144",144,150,0.588290648262692,1.68304250559284,0.566900287465495,0.00301534425104455,"0.5",0.1,"48","big",0.483406386772844,6.95634909627505e-07,0.000971375318804097,2.9179424798713e-08
"145",145,150,0.574393480864408,1.68017897091723,0.499643022423874,-0.00936379831750551,"0.5",0.1,"48","big",0.480587076790657,6.95758664431169e-07,0.000950743052239873,3.00875161514736e-08
"146",146,150,0.586722334568325,1.68313199105145,0.557514538046487,0.000289171012005419,"0.5",0.1,"48","big",0.450263301392003,6.95693354378436e-07,0.00357136973561967,2.96653376958739e-08
"147",147,150,0.58234968067381,1.6861744966443,0.559455692726866,-0.00475784167782239,"0.5",0.1,"48","big",0.520802730522616,6.95904820747567e-07,0.00181239251069467,3.21474878936118e-08
"148",148,150,0.573771046159133,1.68026845637584,0.563194151733598,0.0276111657464428,"0.5",0.1,"48","big",0.51329991398833,6.95761433982447e-07,0.00280724777040281,3.04322310122411e-08
"149",149,150,0.577761571839872,1.68125279642058,0.569494092822721,-0.0217608296033997,"0.5",0.1,"48","big",0.482579086360065,6.95958697414229e-07,0.00302962780808561,3.28584289627849e-08
"150",150,150,0.577695461848359,1.68250559284116,0.566574003595574,0.0203124559639991,"0.5",0.1,"48","big",0.522204572013873,6.95701768627014e-07,0.000572972057472041,2.985976799668e-08
"151",151,150,0.575921516173115,1.68062639821029,0.559126037334725,0.00624709686124787,"0.5",0.1,"48","big",0.495530065878967,6.95922408000517e-07,0.00215417711094672,3.23517821938249e-08
"152",152,150,0.585217846806846,1.68250559284116,0.562213152406768,-0.00629475927920358,"0.5",0.1,"48","big",0.513954659649569,6.95728583069813e-07,0.00211693580201831,3.02135062615074e-08
"153",153,150,0.583407542392031,1.68053691275168,0.582687093790941,-0.0214129960094101,"0.5",0.1,"48","big",0.505600325778997,6.95920895437494e-07,0.000581516192703832,3.21649159783384e-08
"154",154,150,0.587845407120764,1.68510067114094,0.542569780250911,0.00508048842743315,"0.5",0.1,"48","big",0.516154526965334,6.95464492399802e-07,0.00100270305273729,2.67536737443665e-08
"155",155,150,0.569022852441632,1.68232662192394,0.585699238306692,-0.000552331994847226,"0.5",0.1,"48","big",0.524775702930455,6.95718388447465e-07,0.00428600194340606,3.01033393992375e-08
"156",156,150,0.595064724870464,1.68429530201342,0.61366542772948,-0.02031080735805,"0.5",0.1,"48","big",0.47378743155641,6.95655766338733e-07,0.00207973932550823,2.90860259839771e-08
"157",157,150,0.586679157089619,1.68348993288591,0.580895525205063,-0.0121049363899312,"0.5",0.1,"48","big",0.498264318987992,6.95717965759064e-07,0.00274495682256739,3.00610586429073e-08
"158",158,150,0.579973568831413,1.68152125279642,0.590802700388817,0.0105775834356157,"0.5",0.1,"48","big",0.514481763024406,6.95949875548147e-07,0.000654449797478631,3.26103925710713e-08
"159",159,150,0.58083109562765,1.68232662192394,0.537050820276892,-0.00936763683421528,"0.5",0.1,"48","big",0.477523289186475,6.96139745727726e-07,0.00332285747289835,3.45078608700984e-08
"160",160,150,0.581151704660456,1.6820581655481,0.535898279298515,0.00203226292319504,"0.5",0.1,"48","big",0.552660870782985,6.95414110647244e-07,0.00272998173636669,2.60671733201031e-08
"161",161,150,0.587229907810078,1.68196868008949,0.538231450246442,0.00472419269200597,"0.5",0.1,"48","big",0.476815408743948,6.95852105138975e-07,0.000767874447659751,3.12704829536197e-08
"162",162,150,0.583587432668874,1.68214765100671,0.581336933719521,-0.00268896850685438,"0.5",0.1,"48","big",0.500081125131807,6.96009651618489e-07,0.00250016507060668,3.3494190425735e-08
"163",163,150,0.577823596799508,1.68313199105145,0.542105253204525,0.000678368105762959,"0.5",0.1,"48","big",0.46462981528649,6.9604484291674e-07,0.00248855687949132,3.35497194581158e-08
"164",164,150,0.58078711345605,1.68214765100671,0.551471484313824,-0.00462218199810593,"0.5",0.1,"48","big",0.49222167700871,6.95802670078861e-07,0.000980609820937224,3.09888153439798e-08
"165",165,150,0.592836924782253,1.68340044742729,0.548943833546451,-0.0111143171298519,"0.5",0.1,"48","big",0.472535146724576,6.95620015623352e-07,0.000785793814991083,2.87051453758978e-08
"166",166,150,0.581623694526757,1.68313199105145,0.568782915502124,-0.0182647963159596,"0.5",0.1,"48","big",0.484214534873874,6.95910587325783e-07,0.00190138356940684,3.20589605592246e-08
"167",167,150,0.59138486563477,1.68501118568233,0.541614422518437,0.015082907835871,"0.5",0.1,"48","big",0.496221897447748,6.9574375341459e-07,0.000206164594392032,3.03229393377617e-08
"168",168,150,0.578598844443159,1.68178970917226,0.536799175548877,0.0213270042700413,"0.5",0.1,"48","big",0.486488248190556,6.95409016527425e-07,0.00267317796775691,2.60897862057635e-08
"169",169,150,0.570557583101866,1.6807158836689,0.570182298955866,-0.00878520195976116,"0.5",0.1,"48","big",0.513099423760361,6.95892868931155e-07,0.00216569213865699,3.22820023018876e-08
"170",170,150,0.592344638606646,1.68420581655481,0.587355851616043,-0.0239378239211425,"0.5",0.1,"48","big",0.459251060750328,6.9556993745766e-07,0.00241901445270479,2.80815783885609e-08
"171",171,150,0.581517925783481,1.68322147651007,0.540050783172203,0.00221539095639686,"0.5",0.1,"48","big",0.50726676557644,6.95592044449973e-07,0.00247639156415095,2.82729773422746e-08
"172",172,150,0.567400635279837,1.68098434004474,0.573790480117196,-0.0101058421994828,"0.5",0.1,"48","big",0.496906950282421,6.95810172247489e-07,0.00337653320275936,3.11038464849996e-08
"173",173,150,0.588620513589798,1.68438478747204,0.564266321209195,0.00500405615416656,"0.5",0.1,"48","big",0.499981356118075,6.95822596967133e-07,0.00147944213686784,3.12082140353317e-08
"174",174,150,0.586496407924347,1.68044742729306,0.577754743208858,-0.00938245476397938,"0.5",0.1,"48","big",0.536521683853326,6.95590710118163e-07,0.00134711006942908,2.83882607011418e-08
"175",175,150,0.585543149476609,1.68152125279642,0.55084918842895,-0.0197518158608277,"0.5",0.1,"48","big",0.514328753709448,6.95796513173434e-07,0.00305399532606026,3.08567355723518e-08
"176",176,150,0.587998843905701,1.68089485458613,0.52566936910855,0.00489917316263156,"0.5",0.1,"48","big",0.464604902507347,6.95878500930319e-07,0.000615384924001541,3.19184662167909e-08
"177",177,150,0.58746418102788,1.68214765100671,0.55144422670554,0.00455152970556662,"0.5",0.1,"48","big",0.530008875208515,6.95902305484555e-07,0.00123478422913634,3.20995372184427e-08
"178",178,150,0.578212337528714,1.68152125279642,0.541961504356902,-0.0145859819359525,"0.5",0.1,"48","big",0.489290456663244,6.95994960717377e-07,0.00158747499681537,3.30601498295836e-08
"179",179,150,0.594575619058055,1.68662192393736,0.593480535305086,-0.00560049782202844,"0.5",0.1,"48","big",0.463949774637085,6.95478420526908e-07,0.00280992584833907,2.70681470049196e-08
"180",180,150,0.579030146904309,1.68170022371365,0.560018021023423,-0.0295885165465008,"0.5",0.1,"48","big",0.546096470237454,6.95824902337784e-07,0.00272109907860949,3.10189079117844e-08
"181",181,150,0.579728856139283,1.68107382550336,0.554749137782023,-0.0257789412081825,"0.5",0.1,"48","big",0.496505078792865,6.95869074984932e-07,0.00132223957187992,3.19605655968619e-08
"182",182,150,0.591426350705921,1.68429530201342,0.531162967611286,-0.00181704600573615,"0.5",0.1,"48","big",0.510609768588438,6.95551098765004e-07,0.00212010640039971,2.7965929542306e-08
"183",183,150,0.579983612413069,1.68187919463087,0.539368979509821,-0.014199523094522,"0.5",0.1,"48","big",0.488617039285363,6.95822302812581e-07,0.0047633013937777,3.11731499172593e-08
"184",184,150,0.596636327345784,1.68626398210291,0.563586410488398,0.043884632547185,"0.5",0.1,"48","big",0.470639623666725,6.95847904035605e-07,0.00406150315809148,3.15056239083542e-08
"185",185,150,0.588299419248307,1.68402684563758,0.555893157759041,0.0105688924926599,"0.5",0.1,"48","big",0.49506693519146,6.95691557496284e-07,0.00093104288739934,2.96625528409413e-08
"186",186,150,0.581442764731486,1.68322147651007,0.560952894232764,-0.016557108998566,"0.5",0.1,"48","big",0.508335957157434,6.95599365019084e-07,0.000929670076361724,2.85515994996141e-08
"187",187,150,0.583423976767305,1.68170022371365,0.600148056576046,-0.0105326226061776,"0.5",0.1,"48","big",0.51363798213744,6.96240872913833e-07,0.00297146305013082,3.54643622359298e-08
"188",188,150,0.571197415975013,1.68053691275168,0.529156960076841,0.000515299245155405,"0.5",0.1,"48","big",0.494218701222381,6.96134857599985e-07,0.00137726961320211,3.46944989405869e-08
"189",189,150,0.576887396063812,1.68178970917226,0.542166478223907,-0.00114804307778345,"0.5",0.1,"48","big",0.473037607309621,6.956754492531e-07,0.00105542562094739,2.95223734388134e-08
"190",190,150,0.581588131682245,1.68187919463087,0.565997322362553,-0.0171766489691128,"0.5",0.1,"48","big",0.510745315534758,6.95769052653371e-07,0.00495877672203963,3.06709034576674e-08
"191",191,150,0.586009086534319,1.68250559284116,0.549664315086037,0.00925990574405813,"0.5",0.1,"48","big",0.494015803614212,6.95766054100931e-07,0.00229491966238055,3.02728132261683e-08
"192",192,150,0.58309320265179,1.68331096196868,0.570968930448261,-0.001433339786058,"0.5",0.1,"48","big",0.503449642587071,6.95853622872226e-07,0.00185049077725821,3.1426407378061e-08
"193",193,150,0.587207871336253,1.68187919463087,0.545429751000109,0.00439808829856234,"0.5",0.1,"48","big",0.467648577919842,6.95966870759664e-07,0.00146335733879505,3.28002167321118e-08
"194",194,150,0.583440789549934,1.68152125279642,0.53392696128983,-0.00723190867982994,"0.5",0.1,"48","big",0.502712028563879,6.95476192070066e-07,0.00155913576428461,2.70079333702032e-08
"195",195,150,0.585892433284212,1.68357941834452,0.566082945513314,0.0150936352889945,"0.5",0.1,"48","big",0.503450653731233,6.95718547877642e-07,0.00367574197063699,3.0021768730885e-08
"196",196,150,0.58067174307114,1.68474272930649,0.584806051396136,-0.00553426801334064,"0.5",0.1,"48","big",0.479283734279046,6.96251687018574e-07,0.00378621873739855,3.57522911183067e-08
"197",197,150,0.584073897342782,1.68196868008949,0.564606445122218,-0.00644170392530352,"0.5",0.1,"48","big",0.508103550548432,6.95731456595243e-07,0.0018025061223483,2.993875712583e-08
"198",198,150,0.598497996825974,1.68429530201342,0.581913543108109,0.0213032006019021,"0.5",0.1,"48","big",0.512832744533734,6.95982294069996e-07,0.00580127177649411,3.32053682976866e-08
"199",199,150,0.577553919206295,1.68125279642058,0.551802509246481,-0.00128677249716378,"0.5",0.1,"48","big",0.523409486011526,6.95748380887238e-07,0.000247399476952647,3.03902472873491e-08
"200",200,150,0.581967208588633,1.68510067114094,0.56595112666004,-0.00450316409561963,"0.5",0.1,"48","big",0.468435768456714,6.95725091171964e-07,0.000898109798393823,2.96998752413852e-08
"201",201,150,0.320084700992763,1.67785234899329,0.518180501126286,-0.0400137670693128,"0.1",0.9,"48","small",0.500399137795498,7.01661263515842e-07,1.16332966822445e-05,7.19546430664474e-08
"202",202,150,0.317992153784917,1.67785234899329,0.538815685330014,-0.040906177032936,"0.1",0.9,"48","small",0.485472132665191,6.9989336469051e-07,1.58785482039945e-05,6.22936702234497e-08
"203",203,150,0.316930475150558,1.67785234899329,0.576868046963808,0.0121334745705616,"0.1",0.9,"48","small",0.489677619522829,6.99226200805688e-07,1.29781903898048e-05,5.84969095004453e-08
"204",204,150,0.320932619639191,1.67785234899329,0.508311540959184,-0.0171760297126613,"0.1",0.9,"48","small",0.501240441199098,7.00712220291204e-07,1.28514209281211e-05,6.74790642487674e-08
"205",205,150,0.316834485855712,1.67785234899329,0.526623193830196,0.00925572815792096,"0.1",0.9,"48","small",0.497507314838305,6.99564267467598e-07,1.4972570557205e-05,6.03558561914055e-08
"206",206,150,0.319700674014723,1.67785234899329,0.548251295101436,-0.00803614983507441,"0.1",0.9,"48","small",0.49464763879961,7.00250634214033e-07,1.30225230056583e-05,6.48409332783685e-08
"207",207,150,0.322616288555161,1.67785234899329,0.568558447346423,0.00646571994804278,"0.1",0.9,"48","small",0.504718538508148,7.01336050804263e-07,1.70938710998455e-05,6.89184708740382e-08
"208",208,150,0.317476238468226,1.67785234899329,0.505245312097921,-0.039878251075065,"0.1",0.9,"48","small",0.506201634797505,7.00922820845e-07,8.26363246925894e-06,6.78486319191577e-08
"209",209,150,0.318007200785808,1.67785234899329,0.554447837468953,-0.00229959579791915,"0.1",0.9,"48","small",0.5008883145602,7.00654142521424e-07,9.22669282858873e-06,6.68965316588653e-08
"210",210,150,0.319827191450224,1.67785234899329,0.569169147641308,0.0154531751695499,"0.1",0.9,"48","small",0.504264786771823,7.02121876763318e-07,7.94528434758531e-06,7.49407982136486e-08
"211",211,150,0.319387821149764,1.67785234899329,0.566467209323983,-0.00581513776014485,"0.1",0.9,"48","small",0.499919969547765,7.0141242980227e-07,1.05070854212552e-05,7.05091561283757e-08
"212",212,150,0.318884058781134,1.67785234899329,0.556600706759736,0.00337350931025765,"0.1",0.9,"48","small",0.501226628358876,7.0058130013976e-07,1.09199500134354e-05,6.703839437436e-08
"213",213,150,0.319958102284851,1.67785234899329,0.547999463655628,-0.0123982637745344,"0.1",0.9,"48","small",0.502673685676214,7.01331205542765e-07,1.3207824893839e-05,7.15824648804861e-08
"214",214,150,0.316943134189329,1.67785234899329,0.588384732730509,-0.0180169670327169,"0.1",0.9,"48","small",0.486334511049689,7.00642905182411e-07,1.00365392235861e-05,6.68851049425736e-08
"215",215,150,0.318860279218868,1.67785234899329,0.566547010719403,-0.0259447412853406,"0.1",0.9,"48","small",0.498461697882749,6.98864953694916e-07,1.02825969006625e-05,5.66703025723443e-08
"216",216,150,0.319074587160057,1.67785234899329,0.574465574223736,-0.0289416936650201,"0.1",0.9,"48","small",0.507025600477821,7.00468249108243e-07,1.21694739772952e-05,6.76968188919329e-08
"217",217,150,0.319240521336642,1.67785234899329,0.553131543294616,-0.0434783488998762,"0.1",0.9,"48","small",0.499740683013377,7.01369337445165e-07,1.16330117669613e-05,7.14968976406576e-08
"218",218,150,0.32107006168338,1.67785234899329,0.560146239226789,-0.0317193035491949,"0.1",0.9,"48","small",0.49404196403646,7.01348608050836e-07,1.50168872647324e-05,7.01282853855557e-08
"219",219,150,0.321052348993367,1.67785234899329,0.577536458133874,-0.045893534497214,"0.1",0.9,"48","small",0.501088800233156,7.01655208969311e-07,1.14045998230886e-05,7.18316883374054e-08
"220",220,150,0.3184771247404,1.67785234899329,0.588194765169084,0.00501233304620697,"0.1",0.9,"48","small",0.496156240443167,6.99822059369219e-07,9.17649909044e-06,6.18074799368386e-08
"221",221,150,0.317295359818613,1.67785234899329,0.559990099884452,-0.0140226851167163,"0.1",0.9,"48","small",0.505302534514008,7.00781425829545e-07,9.97044551939547e-06,6.67704087851442e-08
"222",222,150,0.321881343562313,1.67785234899329,0.558440270375033,-0.0166834333009247,"0.1",0.9,"48","small",0.492346531962318,7.00862411968173e-07,9.45658654573791e-06,6.83737488669789e-08
"223",223,150,0.318171248409228,1.67785234899329,0.546848673188026,-0.0278249487171607,"0.1",0.9,"48","small",0.499719827004997,7.00775959359206e-07,1.21932951066346e-05,6.85368676764639e-08
"224",224,150,0.319086645968802,1.67785234899329,0.58172884597448,-0.0120345892316208,"0.1",0.9,"48","small",0.500708846700492,7.00244360696139e-07,8.92490892772228e-06,6.44327922479398e-08
"225",225,150,0.31948699125338,1.67785234899329,0.583069532385608,-0.0155510343384187,"0.1",0.9,"48","small",0.509506572573934,7.0045248835988e-07,1.20086843597533e-05,6.61164799580739e-08
"226",226,150,0.318621512916979,1.67785234899329,0.556538420382015,-0.0118309123440339,"0.1",0.9,"48","small",0.508037263201729,7.0116788746379e-07,1.10364406928886e-05,7.06232286239965e-08
"227",227,150,0.321134502550165,1.67785234899329,0.551265569000795,-0.0127451656926982,"0.1",0.9,"48","small",0.495102142077141,7.0140290927946e-07,1.23913241266133e-05,7.10502005038588e-08
"228",228,150,0.318434698676955,1.67785234899329,0.578538191842912,0.00196495861830207,"0.1",0.9,"48","small",0.498767797597181,7.00499712206348e-07,1.02489409809177e-05,6.49892675302063e-08
"229",229,150,0.321809591191785,1.67785234899329,0.575059636743717,-0.00105855858900737,"0.1",0.9,"48","small",0.500430634929565,7.01748695636069e-07,1.1702745121257e-05,7.22489114653802e-08
"230",230,150,0.32066458771718,1.67785234899329,0.570579402257225,-0.0261939714367626,"0.1",0.9,"48","small",0.506236146841222,6.99934549405892e-07,1.2674971543564e-05,6.20743581967716e-08
"231",231,150,0.317240853157439,1.67785234899329,0.579285511291728,-0.0027460861286816,"0.1",0.9,"48","small",0.519892175011784,7.0010163103385e-07,9.49623217659962e-06,6.34750624627197e-08
"232",232,150,0.318411290746609,1.67785234899329,0.586143277707575,-0.0206578933376383,"0.1",0.9,"48","small",0.509329897750107,7.0007681644551e-07,1.14599555901821e-05,6.40991191184394e-08
"233",233,150,0.318527924106686,1.67785234899329,0.544303711210748,-0.00259640982564678,"0.1",0.9,"48","small",0.490916854824646,7.00570765116105e-07,1.47598972113785e-05,6.6799856397822e-08
"234",234,150,0.314567863604927,1.67785234899329,0.575385786069298,0.00357758699273721,"0.1",0.9,"48","small",0.504941330173004,7.00525130700496e-07,1.13280049268399e-05,6.72413385017928e-08
"235",235,150,0.320095304804283,1.67785234899329,0.527692503057816,-0.0141418778357708,"0.1",0.9,"48","small",0.49712217659748,7.00172263557033e-07,1.11756711322913e-05,6.38694843372552e-08
"236",236,150,0.31887631211149,1.67785234899329,0.526428731109214,0.00132093155694638,"0.1",0.9,"48","small",0.506693127373032,7.01022674802867e-07,1.44741621660825e-05,6.89243805449355e-08
"237",237,150,0.318916022539508,1.67785234899329,0.556825293059757,-0.00396877711505339,"0.1",0.9,"48","small",0.498647175680565,7.00820431074111e-07,1.07957981330608e-05,6.78095701736258e-08
"238",238,150,0.316856803713256,1.67785234899329,0.560790425453548,0.00231883111874839,"0.1",0.9,"48","small",0.507878782778158,7.00662886903159e-07,1.04118532470275e-05,6.66516332124225e-08
"239",239,150,0.320844798816198,1.67785234899329,0.55278589579986,0.00543827647099735,"0.1",0.9,"48","small",0.496987071383902,7.00535514804276e-07,9.70249238420851e-06,6.46919786908065e-08
"240",240,150,0.316562017850364,1.67785234899329,0.562191649637723,-0.0158808935388209,"0.1",0.9,"48","small",0.501804074325714,6.99533489021038e-07,1.2635872238716e-05,6.076222862313e-08
"241",241,150,0.318061366190868,1.67785234899329,0.578595186213202,-0.017271893943551,"0.1",0.9,"48","small",0.487262162479246,7.00940425154991e-07,1.44430302403721e-05,6.99911034880494e-08
"242",242,150,0.317329878215077,1.67785234899329,0.511089158620427,-0.0150843410009547,"0.1",0.9,"48","small",0.501406479999439,7.00668785718688e-07,7.94840079762083e-06,6.735216834828e-08
"243",243,150,0.319599222239631,1.67785234899329,0.54465606929907,-0.0171113608081647,"0.1",0.9,"48","small",0.508011818720946,7.00167406851126e-07,1.18885312533242e-05,6.58263582266e-08
"244",244,150,0.320165802557938,1.67785234899329,0.565522232068367,-0.00804416544483088,"0.1",0.9,"48","small",0.503143277990367,7.01623872098289e-07,1.21757375033725e-05,7.20458970174562e-08
"245",245,150,0.319158116564735,1.67785234899329,0.575077288936227,0.00935873879783697,"0.1",0.9,"48","small",0.513311039066946,7.01042102384256e-07,1.48668498138175e-05,6.84021850472528e-08
"246",246,150,0.320027414046829,1.67785234899329,0.57667638009715,-0.0287296729278481,"0.1",0.9,"48","small",0.503165659411075,7.00914815177293e-07,1.29336622993034e-05,6.92651347991397e-08
"247",247,150,0.319350984973542,1.67785234899329,0.559664316018229,-0.0193108032458852,"0.1",0.9,"48","small",0.500047075432914,6.99915945050018e-07,9.3435193219344e-06,6.30061114770334e-08
"248",248,150,0.317216457254456,1.67785234899329,0.556368690405147,-0.0104243415836169,"0.1",0.9,"48","small",0.497308577373378,7.02290905780592e-07,1.01757009049617e-05,7.56581677341288e-08
"249",249,150,0.32045968304008,1.67785234899329,0.563416809894702,0.00628226900660522,"0.1",0.9,"48","small",0.490574702570978,7.00930900946053e-07,1.00148378079832e-05,6.78879235432291e-08
"250",250,150,0.318731630490961,1.67785234899329,0.589645760814722,-0.0452623972029858,"0.1",0.9,"48","small",0.498078074805737,6.99566861696086e-07,9.67673626877747e-06,6.08200613179411e-08
"251",251,150,0.318661015583809,1.67785234899329,0.521588512581583,-0.0180999287258439,"0.1",0.9,"48","small",0.489023651059019,7.00763230435491e-07,1.22278653638038e-05,6.86098401293935e-08
"252",252,150,0.31573429374348,1.67785234899329,0.539421318120442,-0.00236414843960651,"0.1",0.9,"48","small",0.498557110397894,7.00334922240574e-07,1.21096648291724e-05,6.54825734552514e-08
"253",253,150,0.319133702147388,1.67785234899329,0.570507678141809,-0.0169391781438736,"0.1",0.9,"48","small",0.495603884610984,7.00668728771815e-07,9.83873369300892e-06,6.6478887017051e-08
"254",254,150,0.31836741952403,1.67785234899329,0.559420509797619,-0.0107553431884246,"0.1",0.9,"48","small",0.494289317256053,6.9998077308162e-07,1.21743320277251e-05,6.30832777989865e-08
"255",255,150,0.315758533252648,1.67785234899329,0.560355798373869,-0.00507693047583875,"0.1",0.9,"48","small",0.507542833047572,6.9971852377357e-07,1.28386769298719e-05,6.06551344728156e-08
"256",256,150,0.316929910800083,1.67785234899329,0.558791899004631,-0.0174382779369207,"0.1",0.9,"48","small",0.495412992079556,7.01086878444617e-07,1.00112123518966e-05,6.96684182496053e-08
"257",257,150,0.321411303359886,1.67785234899329,0.528426656941746,8.77022212374399e-05,"0.1",0.9,"48","small",0.494301421640141,6.99917420336797e-07,1.1381953504087e-05,6.35507162724656e-08
"258",258,150,0.319127501325895,1.67785234899329,0.566217845620888,-0.00133400289697588,"0.1",0.9,"48","small",0.508813801615248,7.00412528606494e-07,8.28036349678602e-06,6.56928606678211e-08
"259",259,150,0.316839828133039,1.67785234899329,0.559324154429381,-0.0277336356924461,"0.1",0.9,"48","small",0.50660204295012,7.01213546262387e-07,1.00388473108919e-05,6.97679955789247e-08
"260",260,150,0.320590989657821,1.67785234899329,0.546065133705336,-0.0260929130173703,"0.1",0.9,"48","small",0.510344497582756,7.00112030139309e-07,1.10231931013094e-05,6.33906534291234e-08
"261",261,150,0.31937723834311,1.67785234899329,0.60118416998684,-0.00882472999225144,"0.1",0.9,"48","small",0.5022991354621,7.00438137277189e-07,1.22807887725791e-05,6.55359693088118e-08
"262",262,150,0.31813466037899,1.67785234899329,0.571257833992836,-0.022652390629781,"0.1",0.9,"48","small",0.509430507842385,6.99703209104248e-07,1.04311696152684e-05,6.18484198391715e-08
"263",263,150,0.319873979784329,1.67785234899329,0.538798041047253,0.0068924524472835,"0.1",0.9,"48","small",0.492765086652434,7.00580570490643e-07,1.30323989620278e-05,6.64018508476263e-08
"264",264,150,0.318584240090185,1.67785234899329,0.525824159287583,-0.015369586887846,"0.1",0.9,"48","small",0.498723416018651,7.00995218763417e-07,1.11970126186204e-05,6.86162135995216e-08
"265",265,150,0.318611368361463,1.67785234899329,0.550535398535531,-0.0213188339618079,"0.1",0.9,"48","small",0.512368178447946,6.99672083890213e-07,1.40211891044276e-05,6.15046369420512e-08
"266",266,150,0.320847085075298,1.67785234899329,0.553139985830135,-0.0264912256186247,"0.1",0.9,"48","small",0.480877045408887,7.00313276356577e-07,9.77077965966069e-06,6.64770971313676e-08
"267",267,150,0.318110339080788,1.67785234899329,0.558867445334761,-0.0149719629445735,"0.1",0.9,"48","small",0.498724402306387,7.00474327400499e-07,8.34386910559487e-06,6.58698764508962e-08
"268",268,150,0.319563197449528,1.67785234899329,0.58000618760223,-0.0177582692982429,"0.1",0.9,"48","small",0.511415109697841,7.00078801118912e-07,1.24517497920927e-05,6.32440207652806e-08
"269",269,150,0.31974522115524,1.67785234899329,0.521526480708945,0.0130267188922266,"0.1",0.9,"48","small",0.486369704321256,7.00123593428158e-07,1.43791500569338e-05,6.32599548839923e-08
"270",270,150,0.316277243208386,1.67785234899329,0.598238547415787,-0.00719487700144641,"0.1",0.9,"48","small",0.490587110836295,6.99143863951417e-07,9.28104134777861e-06,5.77247926884288e-08
"271",271,150,0.317636999801426,1.67785234899329,0.53825685098896,-0.0106657554836727,"0.1",0.9,"48","small",0.505750726263702,6.99586682958625e-07,1.41891536065691e-05,6.14438660867665e-08
"272",272,150,0.319694376545807,1.67785234899329,0.558740885420168,-0.0197686772941788,"0.1",0.9,"48","small",0.488993092168836,6.99963592931805e-07,1.25438019136114e-05,6.26981366731459e-08
"273",273,150,0.319757439981707,1.67785234899329,0.588348672656217,-0.0183905529784153,"0.1",0.9,"48","small",0.503548914698118,7.00989879430226e-07,9.87678005641672e-06,6.84029611372284e-08
"274",274,150,0.318398707775343,1.67785234899329,0.546213213401492,0.00191499800755906,"0.1",0.9,"48","small",0.510298275098175,7.00442653949875e-07,1.27307609843477e-05,6.56355953118113e-08
"275",275,150,0.320142467002047,1.67785234899329,0.571669744684316,-0.0100867511022195,"0.1",0.9,"48","small",0.510705162111261,7.01826715291564e-07,1.25392608778104e-05,7.1438744834307e-08
"276",276,150,0.319414437268292,1.67785234899329,0.564420643950753,-0.0186457392394181,"0.1",0.9,"48","small",0.504719676076097,7.00441285946146e-07,7.93051098647922e-06,6.51266306802807e-08
"277",277,150,0.319381987756441,1.67785234899329,0.567766759402842,-0.0171137308405781,"0.1",0.9,"48","small",0.502123025960068,7.00838165957828e-07,1.19026565614248e-05,6.87272766166166e-08
"278",278,150,0.320160281909494,1.67785234899329,0.559534601527482,-0.0223687456828288,"0.1",0.9,"48","small",0.488386914993691,6.99952396004654e-07,1.31017797914024e-05,6.27660061472361e-08
"279",279,150,0.320593898344338,1.67785234899329,0.594912913343785,-0.0330661842430908,"0.1",0.9,"48","small",0.502194148175121,7.00645673169154e-07,1.46648553486764e-05,6.69551021367115e-08
"280",280,150,0.322055262590147,1.67785234899329,0.547312849861987,-0.012506984406475,"0.1",0.9,"48","small",0.50173463263279,7.00898015831549e-07,8.0108401450203e-06,6.80893067585269e-08
"281",281,150,0.318481324196471,1.67785234899329,0.538740286454235,-0.00391478060450225,"0.1",0.9,"48","small",0.499343691230344,7.00333815902769e-07,1.50200466652755e-05,6.46024992813527e-08
"282",282,150,0.318149257886015,1.67785234899329,0.550139038549172,-0.0224852623851935,"0.1",0.9,"48","small",0.494160967128479,7.00708682358843e-07,1.56710265094113e-05,6.76577523464306e-08
"283",283,150,0.320254356480891,1.67785234899329,0.50672234844119,-0.00454392099878386,"0.1",0.9,"48","small",0.488966631456006,7.0127528101563e-07,1.16154686027109e-05,7.08376944118814e-08
"284",284,150,0.318824443640532,1.67785234899329,0.544061401223348,0.00436334768876923,"0.1",0.9,"48","small",0.495871931864753,6.99736324968379e-07,1.18373912206197e-05,6.11711321608951e-08
"285",285,150,0.320169467483062,1.67785234899329,0.558008244317583,-0.0348638193596575,"0.1",0.9,"48","small",0.484379984172358,7.00285617430424e-07,1.04535229990926e-05,6.40119103860756e-08
"286",286,150,0.319096394232695,1.67785234899329,0.571837689999165,-0.0308211413072767,"0.1",0.9,"48","small",0.498734279439185,7.00050593428631e-07,1.12300086659378e-05,6.28223168302748e-08
"287",287,150,0.321230461247289,1.67785234899329,0.534931025735332,-0.00200976959885792,"0.1",0.9,"48","small",0.50480175129937,7.02256509730784e-07,9.77539360818626e-06,7.51539296224687e-08
"288",288,150,0.317228626171904,1.67785234899329,0.596455693416831,0.00651533305358422,"0.1",0.9,"48","small",0.497018501411491,7.00504622762067e-07,8.08001373064264e-06,6.59855379954507e-08
"289",289,150,0.31859713097828,1.67785234899329,0.58713627965455,0.00546099705636074,"0.1",0.9,"48","small",0.502791997638533,7.00665578297563e-07,9.36809242497252e-06,6.80674145076166e-08
"290",290,150,0.318262120651262,1.67785234899329,0.563947712660817,-0.0108199328637912,"0.1",0.9,"48","small",0.495283286645452,7.00269308303188e-07,1.29691841332156e-05,6.50591158698897e-08
"291",291,150,0.320119342221606,1.67785234899329,0.577783474544347,-0.0151845662976401,"0.1",0.9,"48","small",0.495913413352587,7.01289654227738e-07,1.20405787249607e-05,7.07493070047732e-08
"292",292,150,0.317732076533371,1.67785234899329,0.580933047445691,-0.0293046510507229,"0.1",0.9,"48","small",0.512998403881556,7.0105983360343e-07,1.38299611750989e-05,6.8852199843508e-08
"293",293,150,0.3203261067067,1.67785234899329,0.555993761592527,-0.0372045738303112,"0.1",0.9,"48","small",0.506516159867028,7.01620227871729e-07,1.02206474874881e-05,7.28975024169307e-08
"294",294,150,0.318050966883565,1.67785234899329,0.564097277473692,-0.00431599348986023,"0.1",0.9,"48","small",0.480919896495189,7.0064149631392e-07,1.08825809388341e-05,6.6630855758412e-08
"295",295,150,0.317904386933853,1.67785234899329,0.532557913783925,-0.0196266700124046,"0.1",0.9,"48","small",0.496970132098611,7.01009256341915e-07,9.53097197516723e-06,7.00961301163792e-08
"296",296,150,0.317425706361704,1.67785234899329,0.563114546421967,-0.00886811088790463,"0.1",0.9,"48","small",0.492774664786213,7.00135230765044e-07,1.2950994268355e-05,6.34527835457239e-08
"297",297,150,0.318969977234586,1.67785234899329,0.585182067088332,-0.0171542293753563,"0.1",0.9,"48","small",0.502170176344746,7.00005989983862e-07,9.44114248910079e-06,6.30645682463213e-08
"298",298,150,0.317611478860709,1.67785234899329,0.559867036167126,-0.00868641514864004,"0.1",0.9,"48","small",0.514619183201957,6.98818209804096e-07,1.55191970075323e-05,5.54981145267017e-08
"299",299,150,0.317167493054177,1.67785234899329,0.591416951119554,-0.0254093719373816,"0.1",0.9,"48","small",0.505777263855148,7.00140317810935e-07,1.16048691615757e-05,6.46680069799204e-08
"300",300,150,0.31880827057402,1.67785234899329,0.574087297178834,-0.0146818720870985,"0.1",0.9,"48","small",0.498922622700269,7.00564930255843e-07,1.35376963908872e-05,6.65399338304747e-08
"301",301,150,0.316728884201021,1.67785234899329,0.582738300252697,-0.00582025725150941,"0.5",0.9,"48","small",0.518899778982042,6.99897509552328e-07,3.24214653567538e-05,6.10837889869756e-08
"302",302,150,0.317683614169839,1.67785234899329,0.612091150553745,-0.0106973302666658,"0.5",0.9,"48","small",0.500557010224806,7.00444995432648e-07,2.68050661262151e-05,6.52044195998436e-08
"303",303,150,0.319006010332523,1.67785234899329,0.588621459814881,-0.0180298248930217,"0.5",0.9,"48","small",0.459901447716812,6.99665937681101e-07,2.69337371073825e-05,6.15102794602308e-08
"304",304,150,0.319984762159902,1.67785234899329,0.573923033300388,-0.0350259052843213,"0.5",0.9,"48","small",0.51317423376683,7.02380552034968e-07,3.11532132452912e-05,7.55800534959545e-08
"305",305,150,0.318815104318793,1.67785234899329,0.55181141872413,-0.00539413794496594,"0.5",0.9,"48","small",0.520105316941691,6.99936091807841e-07,3.38994667406927e-05,6.23908905994408e-08
"306",306,150,0.318477078168788,1.67785234899329,0.608112294374193,-0.00830730828382367,"0.5",0.9,"48","small",0.480181044838588,6.9993280702655e-07,3.10124682186524e-05,6.1923937273417e-08
"307",307,150,0.318791108319912,1.67785234899329,0.562015018274066,-0.0180939541835218,"0.5",0.9,"48","small",0.506922973115108,7.00839880031105e-07,2.64489943172906e-05,6.77152636798373e-08
"308",308,150,0.318938391882902,1.67785234899329,0.559284248069537,-0.0377033864509907,"0.5",0.9,"48","small",0.508360286025461,6.99945212360994e-07,3.87805591584703e-05,6.25688135672192e-08
"309",309,150,0.320378575169355,1.67785234899329,0.578757167981513,-0.0115284708062887,"0.5",0.9,"48","small",0.485241185165444,7.00537914942314e-07,3.04184638114872e-05,6.73711638754022e-08
"310",310,150,0.32236762758918,1.67785234899329,0.518830292339229,-0.00831521331026523,"0.5",0.9,"48","small",0.485737871731957,7.01100606137683e-07,2.92116996090642e-05,6.98838965273383e-08
"311",311,150,0.317345174403432,1.67785234899329,0.586588654489178,-0.0284240412486479,"0.5",0.9,"48","small",0.532010056220391,7.00873443318634e-07,2.45272296768643e-05,6.81473956695114e-08
"312",312,150,0.319884243298283,1.67785234899329,0.57996523553519,-0.00762178921148197,"0.5",0.9,"48","small",0.47857648599761,7.00022770342483e-07,3.05611547657563e-05,6.20765370136574e-08
"313",313,150,0.317842398249354,1.67785234899329,0.577108776368151,-0.0262311402654739,"0.5",0.9,"48","small",0.495715161459221,7.00192581792391e-07,2.99850227381633e-05,6.35170041349149e-08
"314",314,150,0.319594211457834,1.67785234899329,0.569115760773261,-0.0203068199920243,"0.5",0.9,"48","small",0.49451672642757,7.00894079798236e-07,4.14794710312043e-05,6.8562833448463e-08
"315",315,150,0.318337600781489,1.67785234899329,0.608395142554521,-0.0339859557865836,"0.5",0.9,"48","small",0.524650348151142,7.00356207880223e-07,2.80472035659314e-05,6.5757186822809e-08
"316",316,150,0.31949528039818,1.67785234899329,0.571485640594395,-0.00586682485578718,"0.5",0.9,"48","small",0.496651607041406,7.0030023713623e-07,2.61768319570369e-05,6.48812593318765e-08
"317",317,150,0.31930922498134,1.67785234899329,0.577254407269778,-0.017657560642247,"0.5",0.9,"48","small",0.491651237930128,7.01319572752358e-07,3.10335905209897e-05,6.98134116213375e-08
"318",318,150,0.319009243726189,1.67785234899329,0.573394433182537,0.00473349897973557,"0.5",0.9,"48","small",0.521701042842886,7.00433249012255e-07,2.9240974570029e-05,6.56983730877257e-08
"319",319,150,0.319166868570996,1.67785234899329,0.591624540994019,-0.0211620751213296,"0.5",0.9,"48","small",0.52790330644647,7.01362109272953e-07,2.30991186696231e-05,7.06124832607123e-08
"320",320,150,0.317451928695602,1.67785234899329,0.551753771713051,-0.0363871124654259,"0.5",0.9,"48","small",0.484987094293923,7.02431882440583e-07,3.00852080790372e-05,7.8008994934964e-08
"321",321,150,0.322049723385609,1.67785234899329,0.574247109160245,-0.0260601946878236,"0.5",0.9,"48","small",0.513847942902836,7.0093438735737e-07,2.97536898774609e-05,6.84716341280917e-08
"322",322,150,0.316904918445938,1.67785234899329,0.584645702685633,-0.00677893316264628,"0.5",0.9,"48","small",0.488549559494517,7.00063569235836e-07,2.8206874641945e-05,6.44798747464288e-08
"323",323,150,0.321481291239073,1.67785234899329,0.580843916187967,-0.0364902380003414,"0.5",0.9,"48","small",0.483395402913788,7.01624637223062e-07,2.44313148314794e-05,7.34066992249645e-08
"324",324,150,0.317894009676239,1.67785234899329,0.573041900780322,-0.0345830271012862,"0.5",0.9,"48","small",0.486719896713891,6.99173154580915e-07,2.13378956048053e-05,5.82461361193358e-08
"325",325,150,0.317249662564357,1.67785234899329,0.564057023221943,-0.0221231175263587,"0.5",0.9,"48","small",0.479062523987344,6.99591629764772e-07,2.71346882539568e-05,6.09608038172516e-08
"326",326,150,0.320400203610605,1.67785234899329,0.539298786345306,-0.0151033335134611,"0.5",0.9,"48","small",0.481797809664424,7.00819769235482e-07,2.75916011581774e-05,6.76598187190918e-08
"327",327,150,0.318875033357865,1.67785234899329,0.522626905861034,-0.0290863279584213,"0.5",0.9,"48","small",0.480615533180813,7.01486395775116e-07,3.28594394610408e-05,7.06473868216529e-08
"328",328,150,0.316618541163274,1.67785234899329,0.568747292999366,-0.0221055182306663,"0.5",0.9,"48","small",0.526044843913626,7.00672751467006e-07,2.80097844905565e-05,6.73791339701837e-08
"329",329,150,0.320915576484434,1.67785234899329,0.579595733990664,-0.0462165866849149,"0.5",0.9,"48","small",0.52229249323436,7.00807604534694e-07,3.42184598967654e-05,6.76310610498214e-08
"330",330,150,0.319229588015094,1.67785234899329,0.565601617299024,0.0183120524062119,"0.5",0.9,"48","small",0.495116400267715,7.01199444653084e-07,2.31947841981855e-05,6.9927254287269e-08
"331",331,150,0.32262244999941,1.67785234899329,0.567088647557225,-0.0205005840439959,"0.5",0.9,"48","small",0.471299259742735,7.01280475721566e-07,3.59446318390794e-05,7.01255109047782e-08
"332",332,150,0.320905875477898,1.67785234899329,0.594773393685132,-0.0423770644802243,"0.5",0.9,"48","small",0.473740036075241,7.01176548872141e-07,3.35863031885723e-05,6.95293913644806e-08
"333",333,150,0.31751159228018,1.67785234899329,0.582157517977792,-0.0282017446545137,"0.5",0.9,"48","small",0.503957673099295,7.01190867437052e-07,3.89187697756304e-05,6.94164466543701e-08
"334",334,150,0.318738566386761,1.67785234899329,0.577996075952721,-0.0120927832890376,"0.5",0.9,"48","small",0.482418123547091,7.00662540167852e-07,3.76264610448631e-05,6.83347229263295e-08
"335",335,150,0.318838888247227,1.67785234899329,0.585749921175731,-0.0160271405838749,"0.5",0.9,"48","small",0.496492850877372,6.99912093385064e-07,3.25186385616414e-05,6.24139232520889e-08
"336",336,150,0.319847976462056,1.67785234899329,0.556991659494563,-0.0261217253185523,"0.5",0.9,"48","small",0.490499346227643,6.99946572411239e-07,2.46291522694986e-05,6.22569063454274e-08
"337",337,150,0.320730460777877,1.67785234899329,0.541204355548578,-0.0210403330057551,"0.5",0.9,"48","small",0.495812795518362,7.00435460020762e-07,3.12825089265321e-05,6.47516301228047e-08
"338",338,150,0.319677788275047,1.67785234899329,0.565407492979612,-0.0358281088380132,"0.5",0.9,"48","small",0.492448611094496,6.99864153541273e-07,3.34556443409328e-05,6.20728568618644e-08
"339",339,150,0.319731269095762,1.67785234899329,0.572202773739121,-0.0109728338802944,"0.5",0.9,"48","small",0.494694303250814,7.01067666569529e-07,3.36453156813215e-05,6.85018694943625e-08
"340",340,150,0.319317754550373,1.67785234899329,0.574618085854392,-0.0152150640884081,"0.5",0.9,"48","small",0.496693654357117,7.01027899015489e-07,3.84167198945365e-05,7.00081402150325e-08
"341",341,150,0.317858526549,1.67785234899329,0.576982958108529,-0.002775484690671,"0.5",0.9,"48","small",0.489062603900603,7.00663573990603e-07,3.6846458659707e-05,6.67875198097786e-08
"342",342,150,0.31823002001241,1.67785234899329,0.549182184539572,-0.00993418561108461,"0.5",0.9,"48","small",0.487306006948002,6.99905819517535e-07,3.43989380213887e-05,6.30036446394845e-08
"343",343,150,0.322400132840926,1.67785234899329,0.583661053580306,-0.0390755026762569,"0.5",0.9,"48","small",0.498544778552951,7.01016554286163e-07,4.05222990226135e-05,6.74701674985098e-08
"344",344,150,0.318270771658887,1.67785234899329,0.551384051517313,-0.0291186759303221,"0.5",0.9,"48","small",0.518467214533129,7.00526829585029e-07,3.030152037241e-05,6.63540543079916e-08
"345",345,150,0.320189848637076,1.67785234899329,0.576860669135001,-0.0100778683147562,"0.5",0.9,"48","small",0.502697139054395,7.00588796108093e-07,2.9203974121621e-05,6.65738732983026e-08
"346",346,150,0.318581469539693,1.67785234899329,0.577548496950008,-0.0200715146511144,"0.5",0.9,"48","small",0.458984781071011,7.01153543236439e-07,3.69549435243815e-05,6.99585372321127e-08
"347",347,150,0.321258464434407,1.67785234899329,0.56029241227189,-0.0223763516822826,"0.5",0.9,"48","small",0.50588825655382,7.00949496851777e-07,2.30740490896612e-05,6.78068403787278e-08
"348",348,150,0.315368367880508,1.67785234899329,0.554211626094026,-0.0264181942433048,"0.5",0.9,"48","small",0.505605489493525,7.00433604794556e-07,2.55808518763074e-05,6.56589776735036e-08
"349",349,150,0.319990867196259,1.67785234899329,0.559386217229841,0.00772571323286783,"0.5",0.9,"48","small",0.482201118019602,7.01069329056218e-07,2.47068975593324e-05,6.81593082442622e-08
"350",350,150,0.319082659549454,1.67785234899329,0.588349786303572,-0.0223200443374194,"0.5",0.9,"48","small",0.505372181283446,7.01279112877643e-07,2.71501216796325e-05,6.97698598976928e-08
"351",351,150,0.318797653883295,1.67785234899329,0.563992287371864,-0.013554380291531,"0.5",0.9,"48","small",0.541097317676501,7.01010194032257e-07,3.73999924936327e-05,6.86194351533667e-08
"352",352,150,0.3181285295004,1.67785234899329,0.582465497626716,-0.030450744603152,"0.5",0.9,"48","small",0.478679289747896,7.00216347428313e-07,3.36381746379153e-05,6.51059752503797e-08
"353",353,150,0.320828592902834,1.67785234899329,0.557394286397345,-0.0123896221609312,"0.5",0.9,"48","small",0.486820669386255,7.00627852399053e-07,3.27952210646192e-05,6.77904051433218e-08
"354",354,150,0.323409502517981,1.67785234899329,0.565141402993827,-0.0400125099639809,"0.5",0.9,"48","small",0.53767643319518,7.02273103542502e-07,2.47287718076991e-05,7.49321903072646e-08
"355",355,150,0.319186321002847,1.67785234899329,0.519443583733175,0.000939768398088019,"0.5",0.9,"48","small",0.506161072818025,7.00974508129293e-07,3.01257490031276e-05,6.7926737118496e-08
"356",356,150,0.320558609428013,1.67785234899329,0.578214271507435,0.0148317442592535,"0.5",0.9,"48","small",0.501260252074639,6.99670282831212e-07,3.71833970818187e-05,6.19283088909519e-08
"357",357,150,0.320108382846319,1.67785234899329,0.584551889548547,-0.0296496773125011,"0.5",0.9,"48","small",0.494243277787894,7.0114530826182e-07,2.62079137185916e-05,6.84966571417474e-08
"358",358,150,0.3197267131189,1.67785234899329,0.539442766487431,-0.0264663748561306,"0.5",0.9,"48","small",0.508733326808007,7.01276686964978e-07,3.12550930817751e-05,7.00526658881873e-08
"359",359,150,0.31689823029376,1.67785234899329,0.573848916881075,-0.0198201854602575,"0.5",0.9,"48","small",0.533084006760527,6.98885820832344e-07,3.02621963294645e-05,5.64725009742661e-08
"360",360,150,0.317762683194214,1.67785234899329,0.564273328678033,-0.0367590309334953,"0.5",0.9,"48","small",0.483436289008799,7.01158396085881e-07,3.14580762387404e-05,6.82083161914953e-08
"361",361,150,0.321500476685727,1.67785234899329,0.594985454645304,0.00270382210376147,"0.5",0.9,"48","small",0.483421747017466,7.01174368005421e-07,3.2100882876664e-05,7.03160047770213e-08
"362",362,150,0.319632724637648,1.67785234899329,0.547036562595034,-0.037331540704061,"0.5",0.9,"48","small",0.493573259279136,7.01108477783268e-07,2.61184578356642e-05,6.98999181657731e-08
"363",363,150,0.318833784018171,1.67785234899329,0.534567216826546,-0.0121795434696677,"0.5",0.9,"48","small",0.51393122001762,7.00971519794059e-07,2.83432904862341e-05,7.04734875426019e-08
"364",364,150,0.318016436756072,1.67785234899329,0.554596451715837,-0.00638288972872915,"0.5",0.9,"48","small",0.511929503711894,6.99912785082765e-07,2.5431382061033e-05,6.26733965680698e-08
"365",365,150,0.319660346107608,1.67785234899329,0.566839851363776,-0.0302151686250568,"0.5",0.9,"48","small",0.494221954572441,7.00548759359377e-07,3.13192453357259e-05,6.62131278465395e-08
"366",366,150,0.317202032957322,1.67785234899329,0.522894818437499,-0.0211769528585405,"0.5",0.9,"48","small",0.506180091408245,7.00762317647473e-07,3.31523227920428e-05,6.73109215955687e-08
"367",367,150,0.320983391660286,1.67785234899329,0.553487161313364,-0.0235850160068599,"0.5",0.9,"48","small",0.51320694749284,7.01784866839407e-07,2.79331632693666e-05,7.2259808105104e-08
"368",368,150,0.319324046770066,1.67785234899329,0.559155173727957,-0.0356678806889983,"0.5",0.9,"48","small",0.515300718066299,7.00953634542769e-07,3.33696998034494e-05,6.96095739511499e-08
"369",369,150,0.320131092629908,1.67785234899329,0.578421702606117,0.00781614282780342,"0.5",0.9,"48","small",0.481483152660636,7.02375165154188e-07,2.96280753369988e-05,7.61093490314086e-08
"370",370,150,0.31759365189133,1.67785234899329,0.598863711702929,0.00401347488698149,"0.5",0.9,"48","small",0.524316359644816,7.00411800755279e-07,4.52836079801496e-05,6.52383793690065e-08
"371",371,150,0.321705790386424,1.67785234899329,0.543343715085151,-0.0214761651048358,"0.5",0.9,"48","small",0.520709716287214,7.01953425408653e-07,2.98957284217533e-05,7.37523801773032e-08
"372",372,150,0.322181447845206,1.67785234899329,0.593693930582393,0.00356900406633376,"0.5",0.9,"48","small",0.547977727647045,7.01465138876529e-07,3.52029727861962e-05,7.05461000649103e-08
"373",373,150,0.321717613666889,1.67785234899329,0.56876564536118,-0.0232067603158909,"0.5",0.9,"48","small",0.539393352193405,7.01973297657048e-07,2.32638836949888e-05,7.26815062291573e-08
"374",374,150,0.31844634986135,1.67785234899329,0.562185243880096,-0.0378238217728619,"0.5",0.9,"48","small",0.502490991279454,7.00870605075027e-07,3.71093458840298e-05,6.80703432752834e-08
"375",375,150,0.319737479686081,1.67785234899329,0.538248237983447,-0.0194858841428253,"0.5",0.9,"48","small",0.48750806083332,6.99336610898379e-07,3.94670435017577e-05,5.89437453915619e-08
"376",376,150,0.320723155167536,1.67785234899329,0.58803621998118,0.00113072521615699,"0.5",0.9,"48","small",0.514244456770438,7.01133354562547e-07,2.66833761602632e-05,6.90121030949751e-08
"377",377,150,0.31996878435076,1.67785234899329,0.567178688968126,0.0103184537210335,"0.5",0.9,"48","small",0.490171244773784,7.01814171458897e-07,2.89727533093801e-05,7.17454046618922e-08
"378",378,150,0.319529016353663,1.67785234899329,0.586441844068214,0.0130488410343312,"0.5",0.9,"48","small",0.471201409570276,7.00931526533894e-07,2.77729005264539e-05,6.8816117245136e-08
"379",379,150,0.321772925099825,1.67785234899329,0.562422625182325,-0.00600476857627589,"0.5",0.9,"48","small",0.504845993231049,7.01905912902176e-07,3.11529475681866e-05,7.33402120189347e-08
"380",380,150,0.318427222369175,1.67785234899329,0.544334052103293,-0.00352450263646396,"0.5",0.9,"48","small",0.488356172867198,7.02086871017459e-07,2.8695993044007e-05,7.54833545726448e-08
"381",381,150,0.320456162637856,1.67785234899329,0.555842811493423,-0.00316245558050289,"0.5",0.9,"48","small",0.522043474421947,7.00906987094803e-07,4.11738029299095e-05,6.73319939956181e-08
"382",382,150,0.318154105763038,1.67785234899329,0.521055928250938,-0.0189851146234897,"0.5",0.9,"48","small",0.495075290498262,7.00275414217266e-07,2.41587199657773e-05,6.43633272523396e-08
"383",383,150,0.318399520733318,1.67785234899329,0.595886603448659,-0.018238017102167,"0.5",0.9,"48","small",0.532277155177201,7.00081779801931e-07,3.17616706249444e-05,6.43318767080747e-08
"384",384,150,0.316495761315924,1.67785234899329,0.540306004033502,-0.00370432266320229,"0.5",0.9,"48","small",0.514906513412862,7.01146736345522e-07,2.40568703350288e-05,6.95666055742677e-08
"385",385,150,0.318005952752776,1.67785234899329,0.5455674625085,-0.0241982250058875,"0.5",0.9,"48","small",0.501109082493136,7.01033192067591e-07,2.75121737678205e-05,6.86109108927205e-08
"386",386,150,0.318431521151858,1.67785234899329,0.570321765104509,-0.0188777846459602,"0.5",0.9,"48","small",0.485562705508237,6.99310739675329e-07,3.29630383519107e-05,5.99087258384899e-08
"387",387,150,0.319899299698462,1.67785234899329,0.585361056405242,-0.013239735033167,"0.5",0.9,"48","small",0.518439709597077,7.01589384716239e-07,2.78089394474298e-05,7.13590726677403e-08
"388",388,150,0.319970543750883,1.67785234899329,0.562129232725208,-0.014410715112999,"0.5",0.9,"48","small",0.51544163493749,7.01727813695258e-07,2.50718024853026e-05,7.20884504852083e-08
"389",389,150,0.319806956187366,1.67785234899329,0.551263987789075,-0.0123656886195104,"0.5",0.9,"48","small",0.497336996340203,7.00848370648942e-07,2.4304845150332e-05,6.75037061726429e-08
"390",390,150,0.318797369606079,1.67785234899329,0.538263576894361,-0.000147666797411845,"0.5",0.9,"48","small",0.489304008297438,7.00148573899779e-07,3.85769929835197e-05,6.40751245707803e-08
"391",391,150,0.319841800370762,1.67785234899329,0.570362361372546,-0.00587598549275111,"0.5",0.9,"48","small",0.487815976287971,7.00922447666077e-07,3.83873479730741e-05,6.85043259945329e-08
"392",392,150,0.320544531697286,1.67785234899329,0.58577353112687,-0.027313707094625,"0.5",0.9,"48","small",0.51452371937194,7.01007260385144e-07,4.08739147738934e-05,6.80056430872879e-08
"393",393,150,0.318983451223325,1.67785234899329,0.556569690012971,-0.0326585815682128,"0.5",0.9,"48","small",0.526987640821173,7.02576115718907e-07,2.79050119559477e-05,7.64869179750295e-08
"394",394,150,0.318359694799211,1.67785234899329,0.588380152892383,-0.012388780495789,"0.5",0.9,"48","small",0.510139250091588,7.00724538208671e-07,2.81888976587642e-05,6.68065128893878e-08
"395",395,150,0.318746692321907,1.67785234899329,0.58199347585673,-0.0331908658538195,"0.5",0.9,"48","small",0.501493297769778,7.02098033278611e-07,3.25938478110245e-05,7.42288074472168e-08
"396",396,150,0.322420533130842,1.67785234899329,0.552764610398441,-0.000420319207754559,"0.5",0.9,"48","small",0.49346853633579,7.01117532083684e-07,2.75471727584891e-05,6.95339924347721e-08
"397",397,150,0.320442502587589,1.67785234899329,0.560793551441806,-0.0352461192358803,"0.5",0.9,"48","small",0.477859567626504,7.01680624661601e-07,3.14831782382259e-05,7.15581635556143e-08
"398",398,150,0.317313087918479,1.67785234899329,0.580973873249438,-0.0142381653547574,"0.5",0.9,"48","small",0.461448751972811,7.01014017938914e-07,4.74265509800546e-05,6.80668875903831e-08
"399",399,150,0.320341419347946,1.67785234899329,0.547494431974771,-0.0123624930419403,"0.5",0.9,"48","small",0.513403433731166,7.00541300617326e-07,2.7366990521579e-05,6.54765956738885e-08
"400",400,150,0.314775376927573,1.67785234899329,0.52548634210685,-0.0184099544884021,"0.5",0.9,"48","small",0.50229352173945,6.99587784078584e-07,2.77964189025746e-05,6.00313883761343e-08
