"condition","init","percent_bias","where_bias","level_bias","who_biased","size_net","rewire","mean_cond","std_cond"
"1",0,0,NA,"none","none",150,0.1,0.100907696257126,0.0351583449323212
"1",0,0,NA,"none","none",150,0.9,0.100384898212465,0.0200958442815995
"1",0,20,7,"highest","centbet",150,0.1,0.0820680464385612,0.0319101420366323
"1",0,20,7,"highest","centbet",150,0.9,0.0753967107721199,0.0148986994015164
"1",0,20,7,"highest","centclos",150,0.1,0.0827509776889843,0.0342577823297835
"1",0,20,7,"highest","centclos",150,0.9,0.0795299383636568,0.0180674867304557
"1",0,20,7,"highest","centeigen",150,0.1,0.0849143044181319,0.0353964368310365
"1",0,20,7,"highest","centeigen",150,0.9,0.0783065537933672,0.0168306764989602
"1",0,20,7,"highest","cluscoeff",150,0.1,0.0832003788461565,0.0309024976084425
"1",0,20,7,"highest","cluscoeff",150,0.9,0.0803523199486557,0.0158414581722456
"1",0,20,7,"highest","degree",150,0.1,0.079000133258666,0.0304912187528546
"1",0,20,7,"highest","degree",150,0.9,0.0759467746729172,0.0153636250960862
"1",0,20,7,"lowest","centbet",150,0.1,0.0848160507059677,0.0318466026902918
"1",0,20,7,"lowest","centbet",150,0.9,0.0842679288682504,0.0168926005688585
"1",0,20,7,"lowest","centclos",150,0.1,0.0848025761955563,0.0347072502478679
"1",0,20,7,"lowest","centclos",150,0.9,0.0858426437421369,0.0190595562464198
"1",0,20,7,"lowest","centeigen",150,0.1,0.0842423791476665,0.033519142461969
"1",0,20,7,"lowest","centeigen",150,0.9,0.0860458829614522,0.0166677461669631
"1",0,20,7,"lowest","cluscoeff",150,0.1,0.0817318166265844,0.0332544777164066
"1",0,20,7,"lowest","cluscoeff",150,0.9,0.0819605878995261,0.0164428116348427
"1",0,20,7,"lowest","degree",150,0.1,0.0810405332696819,0.0300877737843586
"1",0,20,7,"lowest","degree",150,0.9,0.0848150731008271,0.017810521208341
"1",0,20,7,"random","none",150,0.1,0.0822830437335586,0.0312978680518446
"1",0,20,7,"random","none",150,0.9,0.0809441839212316,0.0162989954837724
"1",5,0,NA,"none","none",150,0.1,0.0666128671853109,0.0244741452446565
"1",5,0,NA,"none","none",150,0.9,0.0665926938916565,0.0136014250123946
"1",5,20,7,"highest","centbet",150,0.1,0.0564061789764399,0.023186014799916
"1",5,20,7,"highest","centbet",150,0.9,0.0544942655425606,0.0116474040761411
"1",5,20,7,"highest","centclos",150,0.1,0.0574472620800416,0.0240658172150884
"1",5,20,7,"highest","centclos",150,0.9,0.0564062713346883,0.0131524021274113
"1",5,20,7,"highest","centeigen",150,0.1,0.0570712499870326,0.0244979527538069
"1",5,20,7,"highest","centeigen",150,0.9,0.0549338616076386,0.0118817940413091
"1",5,20,7,"highest","cluscoeff",150,0.1,0.0585231640878231,0.0219756531189546
"1",5,20,7,"highest","cluscoeff",150,0.9,0.0564193209163747,0.0120801044434586
"1",5,20,7,"highest","degree",150,0.1,0.0570718504749924,0.023698617230639
"1",5,20,7,"highest","degree",150,0.9,0.0542584021169682,0.0127441181416407
"1",5,20,7,"lowest","centbet",150,0.1,0.0563824459508125,0.0221574368133939
"1",5,20,7,"lowest","centbet",150,0.9,0.0600905788587363,0.0135359471057604
"1",5,20,7,"lowest","centclos",150,0.1,0.0573323034131564,0.0226093090502804
"1",5,20,7,"lowest","centclos",150,0.9,0.059491662863234,0.0130282438915994
"1",5,20,7,"lowest","centeigen",150,0.1,0.0589861025749785,0.024648935719972
"1",5,20,7,"lowest","centeigen",150,0.9,0.0589881179263015,0.0134870392497733
"1",5,20,7,"lowest","cluscoeff",150,0.1,0.0559956387106596,0.0231718640283322
"1",5,20,7,"lowest","cluscoeff",150,0.9,0.058974875980639,0.0123656509131758
"1",5,20,7,"lowest","degree",150,0.1,0.0581562716045528,0.0215165315051834
"1",5,20,7,"lowest","degree",150,0.9,0.058309109119827,0.0128323266226325
"1",5,20,7,"random","none",150,0.1,0.0578265288981366,0.0227110695729603
"1",5,20,7,"random","none",150,0.9,0.0573009586426075,0.0124257660353644
"1",20,0,NA,"none","none",150,0.1,0.032719504701224,0.013926630671432
"1",20,0,NA,"none","none",150,0.9,0.0328105025408563,0.00807526489556852
"1",20,20,7,"highest","centbet",150,0.1,0.0298415232869573,0.0129222951052498
"1",20,20,7,"highest","centbet",150,0.9,0.0296261817251619,0.00756183831790181
"1",20,20,7,"highest","centclos",150,0.1,0.0305481471702658,0.0135868496093371
"1",20,20,7,"highest","centclos",150,0.9,0.030336596641358,0.00776769291557394
"1",20,20,7,"highest","centeigen",150,0.1,0.0297656085500823,0.0130755000810453
"1",20,20,7,"highest","centeigen",150,0.9,0.0297869363424403,0.00744295447048558
"1",20,20,7,"highest","cluscoeff",150,0.1,0.030493336174075,0.0128542665622082
"1",20,20,7,"highest","cluscoeff",150,0.9,0.0302700951410696,0.00739364575816676
"1",20,20,7,"highest","degree",150,0.1,0.0299917630847295,0.0130016591495083
"1",20,20,7,"highest","degree",150,0.9,0.0291279779138218,0.00741239126685955
"1",20,20,7,"lowest","centbet",150,0.1,0.0298341403609394,0.0128178442766986
"1",20,20,7,"lowest","centbet",150,0.9,0.0307689540895166,0.00808373664671172
"1",20,20,7,"lowest","centclos",150,0.1,0.0305317940991098,0.0128870817739605
"1",20,20,7,"lowest","centclos",150,0.9,0.02988193942614,0.00746064759904635
"1",20,20,7,"lowest","centeigen",150,0.1,0.0302664459604975,0.0133021776469088
"1",20,20,7,"lowest","centeigen",150,0.9,0.0301833233152912,0.00718766480532699
"1",20,20,7,"lowest","cluscoeff",150,0.1,0.0297938365291014,0.0125461756521438
"1",20,20,7,"lowest","cluscoeff",150,0.9,0.0299813400333933,0.00730055707552101
"1",20,20,7,"lowest","degree",150,0.1,0.0310711320281401,0.0131636673143765
"1",20,20,7,"lowest","degree",150,0.9,0.0312392735511029,0.0074148793243415
"1",20,20,7,"random","none",150,0.1,0.0295471449124876,0.0127969922592352
"1",20,20,7,"random","none",150,0.9,0.030006619568005,0.0076507511686281
"10",0,0,NA,"none","none",150,0.1,0.104011409272992,0.0360812861372728
"10",0,0,NA,"none","none",150,0.9,0.101509442040339,0.0205235875145058
"10",0,20,7,"highest","centbet",150,0.1,0.0797318654284668,0.0314169274511552
"10",0,20,7,"highest","centbet",150,0.9,0.0764017697794493,0.0160993340057468
"10",0,20,7,"highest","centclos",150,0.1,0.0827776065586215,0.035187269697069
"10",0,20,7,"highest","centclos",150,0.9,0.0764202879941872,0.0171782343702042
"10",0,20,7,"highest","centeigen",150,0.1,0.0837392995319396,0.0341243190682442
"10",0,20,7,"highest","centeigen",150,0.9,0.0768890639738489,0.0165561123758908
"10",0,20,7,"highest","cluscoeff",150,0.1,0.0830510977435023,0.0317106137320888
"10",0,20,7,"highest","cluscoeff",150,0.9,0.0829215184760411,0.0181031877279552
"10",0,20,7,"highest","degree",150,0.1,0.079419961727562,0.0298569488382727
"10",0,20,7,"highest","degree",150,0.9,0.0758418341000601,0.0149027037045862
"10",0,20,7,"lowest","centbet",150,0.1,0.0821758555773908,0.0300679950029833
"10",0,20,7,"lowest","centbet",150,0.9,0.0851475559933595,0.0176750138732245
"10",0,20,7,"lowest","centclos",150,0.1,0.0851870542638483,0.0345525079717031
"10",0,20,7,"lowest","centclos",150,0.9,0.0864418301390355,0.017844360943979
"10",0,20,7,"lowest","centeigen",150,0.1,0.0867172470086927,0.0348908294035156
"10",0,20,7,"lowest","centeigen",150,0.9,0.0870127047480404,0.0183713625327945
"10",0,20,7,"lowest","cluscoeff",150,0.1,0.0826514933057939,0.033217445184402
"10",0,20,7,"lowest","cluscoeff",150,0.9,0.0810919032054151,0.0167233566443442
"10",0,20,7,"lowest","degree",150,0.1,0.0831448838523769,0.0312552598050394
"10",0,20,7,"lowest","degree",150,0.9,0.0856902286577025,0.0173776380073734
"10",0,20,7,"random","none",150,0.1,0.0825666774193845,0.030995997740823
"10",0,20,7,"random","none",150,0.9,0.0805681496774846,0.0167112735594088
"10",5,0,NA,"none","none",150,0.1,0.0692729398109234,0.026848686312588
"10",5,0,NA,"none","none",150,0.9,0.0663689723814355,0.0143988479137192
"10",5,20,7,"highest","centbet",150,0.1,0.0554529346201605,0.0226187740258943
"10",5,20,7,"highest","centbet",150,0.9,0.0532487847938282,0.0128889986199268
"10",5,20,7,"highest","centclos",150,0.1,0.0569051634470788,0.0242795057631516
"10",5,20,7,"highest","centclos",150,0.9,0.05443276946466,0.0117074827916485
"10",5,20,7,"highest","centeigen",150,0.1,0.0569654372588788,0.0249628193025567
"10",5,20,7,"highest","centeigen",150,0.9,0.0544089837441844,0.0124592767866292
"10",5,20,7,"highest","cluscoeff",150,0.1,0.0567578786767912,0.0223760767030027
"10",5,20,7,"highest","cluscoeff",150,0.9,0.0571537901039864,0.0124432370829881
"10",5,20,7,"highest","degree",150,0.1,0.0537278884794359,0.0215601762905264
"10",5,20,7,"highest","degree",150,0.9,0.0547978136288361,0.0118920832011973
"10",5,20,7,"lowest","centbet",150,0.1,0.0584841121199484,0.0231269327666442
"10",5,20,7,"lowest","centbet",150,0.9,0.0588168313606658,0.0131179654773642
"10",5,20,7,"lowest","centclos",150,0.1,0.0592470585970904,0.0234700559916286
"10",5,20,7,"lowest","centclos",150,0.9,0.0578850490814112,0.01232340097511
"10",5,20,7,"lowest","centeigen",150,0.1,0.0588012643737976,0.0244615598632311
"10",5,20,7,"lowest","centeigen",150,0.9,0.0594162705684915,0.0126773643671196
"10",5,20,7,"lowest","cluscoeff",150,0.1,0.0581077733447492,0.0243172849865913
"10",5,20,7,"lowest","cluscoeff",150,0.9,0.0565066868957362,0.012903441025335
"10",5,20,7,"lowest","degree",150,0.1,0.0561471153391424,0.0228257146206211
"10",5,20,7,"lowest","degree",150,0.9,0.0596668818235939,0.0135819984792226
"10",5,20,7,"random","none",150,0.1,0.05701776654609,0.0225452592469279
"10",5,20,7,"random","none",150,0.9,0.0567930510831321,0.0129221770423018
"10",20,0,NA,"none","none",150,0.1,0.0338032347078875,0.0137962990511895
"10",20,0,NA,"none","none",150,0.9,0.033888745593146,0.00807832856625682
"10",20,20,7,"highest","centbet",150,0.1,0.0301056103516879,0.0130918907814119
"10",20,20,7,"highest","centbet",150,0.9,0.0294712348935371,0.00712051342953083
"10",20,20,7,"highest","centclos",150,0.1,0.0302380918343423,0.0137264980276449
"10",20,20,7,"highest","centclos",150,0.9,0.0288702336005391,0.00728555958967678
"10",20,20,7,"highest","centeigen",150,0.1,0.0296806421153463,0.0130607776890769
"10",20,20,7,"highest","centeigen",150,0.9,0.0300107173055329,0.00731599884215759
"10",20,20,7,"highest","cluscoeff",150,0.1,0.0303395151262574,0.013032601388385
"10",20,20,7,"highest","cluscoeff",150,0.9,0.0296791407626793,0.00769143240657237
"10",20,20,7,"highest","degree",150,0.1,0.0298057547865678,0.01301407105765
"10",20,20,7,"highest","degree",150,0.9,0.030112516755385,0.0076236643473598
"10",20,20,7,"lowest","centbet",150,0.1,0.0304419303289213,0.0126771853403813
"10",20,20,7,"lowest","centbet",150,0.9,0.0298557303766506,0.0071309425023392
"10",20,20,7,"lowest","centclos",150,0.1,0.0301932706759378,0.0133333893206048
"10",20,20,7,"lowest","centclos",150,0.9,0.0307316700471512,0.00749827188092506
"10",20,20,7,"lowest","centeigen",150,0.1,0.0308188121762865,0.0134405901721295
"10",20,20,7,"lowest","centeigen",150,0.9,0.0307044276944981,0.0077200355885367
"10",20,20,7,"lowest","cluscoeff",150,0.1,0.0308788855488324,0.0136673147300337
"10",20,20,7,"lowest","cluscoeff",150,0.9,0.0299933103747353,0.00802498929760448
"10",20,20,7,"lowest","degree",150,0.1,0.0304493609890076,0.0131759638879772
"10",20,20,7,"lowest","degree",150,0.9,0.0303875421320711,0.00758035827155067
"10",20,20,7,"random","none",150,0.1,0.0306214231577356,0.0129284979370878
"10",20,20,7,"random","none",150,0.9,0.0301669804598306,0.00776474509746785
"2",0,0,NA,"none","none",150,0.1,0.100356888305424,0.036051745619646
"2",0,0,NA,"none","none",150,0.9,0.0991132365013924,0.0195013997049756
"2",0,20,7,"highest","centbet",150,0.1,0.0817399806569025,0.0316172454780518
"2",0,20,7,"highest","centbet",150,0.9,0.0782213363727577,0.0169955243500036
"2",0,20,7,"highest","centclos",150,0.1,0.0840827133248752,0.0358339257293916
"2",0,20,7,"highest","centclos",150,0.9,0.077358021982475,0.0164384372335025
"2",0,20,7,"highest","centeigen",150,0.1,0.0831834990996979,0.0346524231318223
"2",0,20,7,"highest","centeigen",150,0.9,0.0763192197332146,0.0168125495623277
"2",0,20,7,"highest","cluscoeff",150,0.1,0.0822319781891634,0.0300536847365216
"2",0,20,7,"highest","cluscoeff",150,0.9,0.0811801013182083,0.0173807824216718
"2",0,20,7,"highest","degree",150,0.1,0.0807172130238195,0.0305485026580254
"2",0,20,7,"highest","degree",150,0.9,0.0757216815084438,0.0162222940946253
"2",0,20,7,"lowest","centbet",150,0.1,0.083841533530587,0.0317001452006012
"2",0,20,7,"lowest","centbet",150,0.9,0.0853465413099631,0.0173627225405378
"2",0,20,7,"lowest","centclos",150,0.1,0.0888615898788061,0.0337315912998997
"2",0,20,7,"lowest","centclos",150,0.9,0.0850180799439868,0.016849891950592
"2",0,20,7,"lowest","centeigen",150,0.1,0.0853873548644724,0.0334274648455208
"2",0,20,7,"lowest","centeigen",150,0.9,0.0862951501354432,0.0175806004040352
"2",0,20,7,"lowest","cluscoeff",150,0.1,0.0813542486862102,0.0306517497994498
"2",0,20,7,"lowest","cluscoeff",150,0.9,0.0819580413673884,0.0171191331360451
"2",0,20,7,"lowest","degree",150,0.1,0.0832337135829227,0.0326089740496871
"2",0,20,7,"lowest","degree",150,0.9,0.0864837753293886,0.017845728160142
"2",0,20,7,"random","none",150,0.1,0.0790683097739443,0.0300787623711529
"2",0,20,7,"random","none",150,0.9,0.0811128055886389,0.0172110971164715
"2",5,0,NA,"none","none",150,0.1,0.0660914933577516,0.0252459356072238
"2",5,0,NA,"none","none",150,0.9,0.0682715391359501,0.0145517095668425
"2",5,20,7,"highest","centbet",150,0.1,0.0563731820201883,0.0238534474657934
"2",5,20,7,"highest","centbet",150,0.9,0.0558232293928037,0.0130660860909981
"2",5,20,7,"highest","centclos",150,0.1,0.0569494268914195,0.0246411189395912
"2",5,20,7,"highest","centclos",150,0.9,0.0542202148917622,0.0124062785026591
"2",5,20,7,"highest","centeigen",150,0.1,0.0591116658246955,0.0249932531027132
"2",5,20,7,"highest","centeigen",150,0.9,0.055736550082634,0.0127525973723529
"2",5,20,7,"highest","cluscoeff",150,0.1,0.0573294175891882,0.0224861677257659
"2",5,20,7,"highest","cluscoeff",150,0.9,0.0563245552113513,0.0116259598027353
"2",5,20,7,"highest","degree",150,0.1,0.0548547412134559,0.0223153825579035
"2",5,20,7,"highest","degree",150,0.9,0.0550421596067963,0.0133675048290193
"2",5,20,7,"lowest","centbet",150,0.1,0.0577504577062152,0.0228908516349522
"2",5,20,7,"lowest","centbet",150,0.9,0.0589986106531117,0.0128714131712074
"2",5,20,7,"lowest","centclos",150,0.1,0.0587058586106019,0.0240706994114508
"2",5,20,7,"lowest","centclos",150,0.9,0.0604926978924612,0.0129167224684541
"2",5,20,7,"lowest","centeigen",150,0.1,0.0600898860266246,0.0244111833659445
"2",5,20,7,"lowest","centeigen",150,0.9,0.0602489796940975,0.0132974262333607
"2",5,20,7,"lowest","cluscoeff",150,0.1,0.0566088338164312,0.0236036086531495
"2",5,20,7,"lowest","cluscoeff",150,0.9,0.0572236199975655,0.0125192346086734
"2",5,20,7,"lowest","degree",150,0.1,0.0573872170223917,0.0222977472582289
"2",5,20,7,"lowest","degree",150,0.9,0.0588016053029196,0.0130469063636266
"2",5,20,7,"random","none",150,0.1,0.0572060445362653,0.0219255771699155
"2",5,20,7,"random","none",150,0.9,0.0560888895324315,0.0123825334136179
"2",20,0,NA,"none","none",150,0.1,0.033240557452786,0.0139960925258313
"2",20,0,NA,"none","none",150,0.9,0.0325892628420462,0.00796524410311746
"2",20,20,7,"highest","centbet",150,0.1,0.0300882212122517,0.0131749916360404
"2",20,20,7,"highest","centbet",150,0.9,0.0298150639382942,0.00740757873147673
"2",20,20,7,"highest","centclos",150,0.1,0.0295859794627652,0.0132037380255957
"2",20,20,7,"highest","centclos",150,0.9,0.0297021482105717,0.0073309977341956
"2",20,20,7,"highest","centeigen",150,0.1,0.0303796364253202,0.0131245507758611
"2",20,20,7,"highest","centeigen",150,0.9,0.0292420227809742,0.00705137384871033
"2",20,20,7,"highest","cluscoeff",150,0.1,0.0302559972926043,0.0134068380752494
"2",20,20,7,"highest","cluscoeff",150,0.9,0.0304915361529258,0.00787549300208368
"2",20,20,7,"highest","degree",150,0.1,0.0293155113977346,0.0131312472761155
"2",20,20,7,"highest","degree",150,0.9,0.0292336901525424,0.00728035945439423
"2",20,20,7,"lowest","centbet",150,0.1,0.0310360505828875,0.0131725850339999
"2",20,20,7,"lowest","centbet",150,0.9,0.0311790971039268,0.00755224216014657
"2",20,20,7,"lowest","centclos",150,0.1,0.029860471950299,0.0131448582365687
"2",20,20,7,"lowest","centclos",150,0.9,0.0307557819178325,0.00779999808458061
"2",20,20,7,"lowest","centeigen",150,0.1,0.0301358115012741,0.0130770680912032
"2",20,20,7,"lowest","centeigen",150,0.9,0.0317771389615512,0.00779318490076568
"2",20,20,7,"lowest","cluscoeff",150,0.1,0.0308924336543941,0.0137232878604345
"2",20,20,7,"lowest","cluscoeff",150,0.9,0.0307726479406634,0.00771115688159539
"2",20,20,7,"lowest","degree",150,0.1,0.031076643795723,0.0133128582026906
"2",20,20,7,"lowest","degree",150,0.9,0.0303576322117837,0.00734750716372557
"2",20,20,7,"random","none",150,0.1,0.0302156713728499,0.0129633488869325
"2",20,20,7,"random","none",150,0.9,0.030752794047504,0.00747305154235888
"3",0,0,NA,"none","none",150,0.1,0.100447880020832,0.0359849893641468
"3",0,0,NA,"none","none",150,0.9,0.10030582433104,0.020164250487728
"3",0,20,7,"highest","centbet",150,0.1,0.0822155854278539,0.0317918275455617
"3",0,20,7,"highest","centbet",150,0.9,0.077879443122054,0.0167971735725426
"3",0,20,7,"highest","centclos",150,0.1,0.0818459997832867,0.0336814867459937
"3",0,20,7,"highest","centclos",150,0.9,0.0784708694813304,0.0181244905596841
"3",0,20,7,"highest","centeigen",150,0.1,0.0835223220061342,0.0342309670059683
"3",0,20,7,"highest","centeigen",150,0.9,0.0791917132422609,0.017452255419535
"3",0,20,7,"highest","cluscoeff",150,0.1,0.0794668932324515,0.0297969296447824
"3",0,20,7,"highest","cluscoeff",150,0.9,0.0793874038512897,0.0171238633380898
"3",0,20,7,"highest","degree",150,0.1,0.080062585301311,0.0308146264445409
"3",0,20,7,"highest","degree",150,0.9,0.0790113184906903,0.0153497895603263
"3",0,20,7,"lowest","centbet",150,0.1,0.0833435130491555,0.0311137781380558
"3",0,20,7,"lowest","centbet",150,0.9,0.0861952636287283,0.0174664539745203
"3",0,20,7,"lowest","centclos",150,0.1,0.0841560798258003,0.0337641613341355
"3",0,20,7,"lowest","centclos",150,0.9,0.0836641982670941,0.0176956492899904
"3",0,20,7,"lowest","centeigen",150,0.1,0.0855006917811226,0.0333805052205683
"3",0,20,7,"lowest","centeigen",150,0.9,0.0856154104720565,0.0173405671704413
"3",0,20,7,"lowest","cluscoeff",150,0.1,0.0829718311609027,0.0339296053442054
"3",0,20,7,"lowest","cluscoeff",150,0.9,0.0811502684835458,0.0162494879009025
"3",0,20,7,"lowest","degree",150,0.1,0.0844623379747892,0.0321678786233589
"3",0,20,7,"lowest","degree",150,0.9,0.0867064510511068,0.0185200172519389
"3",0,20,7,"random","none",150,0.1,0.0821110886786354,0.0310538888328998
"3",0,20,7,"random","none",150,0.9,0.0818461894805745,0.0162855971266683
"3",5,0,NA,"none","none",150,0.1,0.0658253466889875,0.0258705351236901
"3",5,0,NA,"none","none",150,0.9,0.0671112069912763,0.0147129096185303
"3",5,20,7,"highest","centbet",150,0.1,0.0560044403825147,0.0235834144738303
"3",5,20,7,"highest","centbet",150,0.9,0.0546728183048635,0.0130642749519046
"3",5,20,7,"highest","centclos",150,0.1,0.0567417909521872,0.0231915811419421
"3",5,20,7,"highest","centclos",150,0.9,0.0542018619436101,0.0122897399241398
"3",5,20,7,"highest","centeigen",150,0.1,0.0579486447007714,0.0244224854467336
"3",5,20,7,"highest","centeigen",150,0.9,0.0558413724880528,0.0127196520375904
"3",5,20,7,"highest","cluscoeff",150,0.1,0.0574156073199105,0.0223248744198178
"3",5,20,7,"highest","cluscoeff",150,0.9,0.0570871321889756,0.0131286437590651
"3",5,20,7,"highest","degree",150,0.1,0.0553390047149532,0.0222300095411382
"3",5,20,7,"highest","degree",150,0.9,0.0531330861253826,0.0114894583665289
"3",5,20,7,"lowest","centbet",150,0.1,0.0579062267483435,0.0233420246754261
"3",5,20,7,"lowest","centbet",150,0.9,0.0607258803009285,0.0134386010442546
"3",5,20,7,"lowest","centclos",150,0.1,0.0583853272203881,0.023762179454412
"3",5,20,7,"lowest","centclos",150,0.9,0.0589955692249013,0.0132722280258224
"3",5,20,7,"lowest","centeigen",150,0.1,0.059081271365539,0.0246533357871268
"3",5,20,7,"lowest","centeigen",150,0.9,0.0595614655980841,0.012431457267562
"3",5,20,7,"lowest","cluscoeff",150,0.1,0.0575603152510902,0.0244107840203898
"3",5,20,7,"lowest","cluscoeff",150,0.9,0.0568698590037344,0.0119672808141137
"3",5,20,7,"lowest","degree",150,0.1,0.0580433379838972,0.023167662113453
"3",5,20,7,"lowest","degree",150,0.9,0.0589524208731162,0.0136723546978444
"3",5,20,7,"random","none",150,0.1,0.0589789214578184,0.0231561136909669
"3",5,20,7,"random","none",150,0.9,0.0574929017627574,0.0119555842390193
"3",20,0,NA,"none","none",150,0.1,0.0336191402318928,0.0141118150561678
"3",20,0,NA,"none","none",150,0.9,0.0329230469514501,0.00762550496990835
"3",20,20,7,"highest","centbet",150,0.1,0.030233139693432,0.0130373681436491
"3",20,20,7,"highest","centbet",150,0.9,0.0293778396014796,0.00751290471170401
"3",20,20,7,"highest","centclos",150,0.1,0.0297058020996913,0.0129852535547768
"3",20,20,7,"highest","centclos",150,0.9,0.0291303427367922,0.00728696618402491
"3",20,20,7,"highest","centeigen",150,0.1,0.0300540568390589,0.013076908604077
"3",20,20,7,"highest","centeigen",150,0.9,0.0295151129014635,0.00737798623473693
"3",20,20,7,"highest","cluscoeff",150,0.1,0.0303225112640934,0.0133769973944397
"3",20,20,7,"highest","cluscoeff",150,0.9,0.0298422390750339,0.00748949430086516
"3",20,20,7,"highest","degree",150,0.1,0.0302801070496512,0.012995673445584
"3",20,20,7,"highest","degree",150,0.9,0.029996273336037,0.0074394747809001
"3",20,20,7,"lowest","centbet",150,0.1,0.0310117094013232,0.0129225381263722
"3",20,20,7,"lowest","centbet",150,0.9,0.0307037879671605,0.00743185505833466
"3",20,20,7,"lowest","centclos",150,0.1,0.0306487433456843,0.0127928048310459
"3",20,20,7,"lowest","centclos",150,0.9,0.0309500069076409,0.00778024398049084
"3",20,20,7,"lowest","centeigen",150,0.1,0.030552799281811,0.0133833230543683
"3",20,20,7,"lowest","centeigen",150,0.9,0.0309855772082123,0.00775145668747344
"3",20,20,7,"lowest","cluscoeff",150,0.1,0.029987751247342,0.0129948899753579
"3",20,20,7,"lowest","cluscoeff",150,0.9,0.0298497445016994,0.00764170940547182
"3",20,20,7,"lowest","degree",150,0.1,0.0306330798615934,0.0128769587543765
"3",20,20,7,"lowest","degree",150,0.9,0.0311569862031005,0.00825856845781124
"3",20,20,7,"random","none",150,0.1,0.0303295302541312,0.0124618572741094
"3",20,20,7,"random","none",150,0.9,0.0309353811357539,0.00749954492347954
"4",0,0,NA,"none","none",150,0.1,0.0987922408996923,0.0352839378259142
"4",0,0,NA,"none","none",150,0.9,0.100813065188873,0.0194609962056011
"4",0,20,7,"highest","centbet",150,0.1,0.0818356679387507,0.0337098243935001
"4",0,20,7,"highest","centbet",150,0.9,0.0783312071481118,0.0147977880129577
"4",0,20,7,"highest","centclos",150,0.1,0.0832812171158039,0.0350059942317375
"4",0,20,7,"highest","centclos",150,0.9,0.0783883312843058,0.0150060440877923
"4",0,20,7,"highest","centeigen",150,0.1,0.0836211092337563,0.0344193573722203
"4",0,20,7,"highest","centeigen",150,0.9,0.0787844721121189,0.0168149149830514
"4",0,20,7,"highest","cluscoeff",150,0.1,0.0823477635559096,0.0307401377957003
"4",0,20,7,"highest","cluscoeff",150,0.9,0.079232861809665,0.0168319457858738
"4",0,20,7,"highest","degree",150,0.1,0.0804600285857662,0.0300929829676693
"4",0,20,7,"highest","degree",150,0.9,0.0777153097885378,0.0169956952243972
"4",0,20,7,"lowest","centbet",150,0.1,0.0852619249910575,0.0318426637044487
"4",0,20,7,"lowest","centbet",150,0.9,0.0866395681964095,0.017986726927225
"4",0,20,7,"lowest","centclos",150,0.1,0.0831466330694183,0.0324692848210605
"4",0,20,7,"lowest","centclos",150,0.9,0.0864548375746863,0.0173969893165468
"4",0,20,7,"lowest","centeigen",150,0.1,0.0837953215159012,0.033663261758032
"4",0,20,7,"lowest","centeigen",150,0.9,0.0858418370395754,0.0189644557523209
"4",0,20,7,"lowest","cluscoeff",150,0.1,0.0808935288994925,0.0328835825298044
"4",0,20,7,"lowest","cluscoeff",150,0.9,0.0829803112753018,0.0169706999057762
"4",0,20,7,"lowest","degree",150,0.1,0.0855614683487974,0.0331224407229043
"4",0,20,7,"lowest","degree",150,0.9,0.0833318876680098,0.0166541196016428
"4",0,20,7,"random","none",150,0.1,0.0817121097732135,0.0297657862301576
"4",0,20,7,"random","none",150,0.9,0.0833208982148251,0.0184501617330006
"4",5,0,NA,"none","none",150,0.1,0.398914722453783,0.0507095602318947
"4",5,0,NA,"none","none",150,0.9,0.396073546885929,0.0275256096438755
"4",5,20,7,"highest","centbet",150,0.1,0.338274237424485,0.0513919789634184
"4",5,20,7,"highest","centbet",150,0.9,0.325063301546746,0.0260978039497457
"4",5,20,7,"highest","centclos",150,0.1,0.343830335374711,0.0609123898956882
"4",5,20,7,"highest","centclos",150,0.9,0.329933581463862,0.0275146375901766
"4",5,20,7,"highest","centeigen",150,0.1,0.346005698582037,0.0662290575674264
"4",5,20,7,"highest","centeigen",150,0.9,0.329408612977558,0.0294192317350441
"4",5,20,7,"highest","cluscoeff",150,0.1,0.342383364132121,0.0506231843561945
"4",5,20,7,"highest","cluscoeff",150,0.9,0.33468708961424,0.0284815916828529
"4",5,20,7,"highest","degree",150,0.1,0.334802192532986,0.0524307735154716
"4",5,20,7,"highest","degree",150,0.9,0.326891290611293,0.0257516470791738
"4",5,20,7,"lowest","centbet",150,0.1,0.345272544191817,0.052897627789657
"4",5,20,7,"lowest","centbet",150,0.9,0.354668489670542,0.025689516827002
"4",5,20,7,"lowest","centclos",150,0.1,0.345146932756633,0.0670243178460982
"4",5,20,7,"lowest","centclos",150,0.9,0.356413734861603,0.028326321471131
"4",5,20,7,"lowest","centeigen",150,0.1,0.347552725823298,0.0673708465624429
"4",5,20,7,"lowest","centeigen",150,0.9,0.355470082898723,0.0302704231337181
"4",5,20,7,"lowest","cluscoeff",150,0.1,0.339997481726706,0.0524676216573243
"4",5,20,7,"lowest","cluscoeff",150,0.9,0.341982420454695,0.0263086442138157
"4",5,20,7,"lowest","degree",150,0.1,0.347014904844355,0.0511724053960552
"4",5,20,7,"lowest","degree",150,0.9,0.356841542514538,0.0265648602488613
"4",5,20,7,"random","none",150,0.1,0.336349698625454,0.0507374506878948
"4",5,20,7,"random","none",150,0.9,0.336837562835828,0.0253975410462835
"4",20,0,NA,"none","none",150,0.1,0.699830815429869,0.0350350916275832
"4",20,0,NA,"none","none",150,0.9,0.70086283152216,0.0208280762111592
"4",20,20,7,"highest","centbet",150,0.1,0.629835958656132,0.0465551215107419
"4",20,20,7,"highest","centbet",150,0.9,0.617144834135929,0.0234668783977322
"4",20,20,7,"highest","centclos",150,0.1,0.636971212723016,0.0566037107536615
"4",20,20,7,"highest","centclos",150,0.9,0.620265970427354,0.0240105998766701
"4",20,20,7,"highest","centeigen",150,0.1,0.634795639607322,0.0686900393957988
"4",20,20,7,"highest","centeigen",150,0.9,0.621429442206676,0.0269990989420676
"4",20,20,7,"highest","cluscoeff",150,0.1,0.637013773820706,0.0474303521201421
"4",20,20,7,"highest","cluscoeff",150,0.9,0.632424180504158,0.027452431733654
"4",20,20,7,"highest","degree",150,0.1,0.627791052500074,0.0459465755001888
"4",20,20,7,"highest","degree",150,0.9,0.616607994676999,0.0230820362662516
"4",20,20,7,"lowest","centbet",150,0.1,0.638680327518088,0.0473194395210351
"4",20,20,7,"lowest","centbet",150,0.9,0.650536649952363,0.0224024989673906
"4",20,20,7,"lowest","centclos",150,0.1,0.641121103234575,0.0716408211708324
"4",20,20,7,"lowest","centclos",150,0.9,0.65066675321152,0.025693750296702
"4",20,20,7,"lowest","centeigen",150,0.1,0.640824959328419,0.0744973985416433
"4",20,20,7,"lowest","centeigen",150,0.9,0.646215079645995,0.0280565527711572
"4",20,20,7,"lowest","cluscoeff",150,0.1,0.630526285760351,0.0494126283501653
"4",20,20,7,"lowest","cluscoeff",150,0.9,0.634871969795121,0.024028840515978
"4",20,20,7,"lowest","degree",150,0.1,0.639432134231765,0.0423685954353336
"4",20,20,7,"lowest","degree",150,0.9,0.647396237294651,0.0236759371534402
"4",20,20,7,"random","none",150,0.1,0.634122661388376,0.0438098385645916
"4",20,20,7,"random","none",150,0.9,0.632751214783654,0.0237828914763059
"5",0,0,NA,"none","none",150,0.1,0.096685297159184,0.0346375673055947
"5",0,0,NA,"none","none",150,0.9,0.099434461097329,0.0188837606667978
"5",0,20,7,"highest","centbet",150,0.1,0.0807377870821375,0.0315036522348176
"5",0,20,7,"highest","centbet",150,0.9,0.077289506503613,0.0155957955741969
"5",0,20,7,"highest","centclos",150,0.1,0.0829440180145557,0.0343107395468405
"5",0,20,7,"highest","centclos",150,0.9,0.077568430516261,0.0159947460060155
"5",0,20,7,"highest","centeigen",150,0.1,0.0838816454316955,0.0340687923250956
"5",0,20,7,"highest","centeigen",150,0.9,0.0784461773360901,0.0168935592904236
"5",0,20,7,"highest","cluscoeff",150,0.1,0.0830102068549997,0.0311708090940846
"5",0,20,7,"highest","cluscoeff",150,0.9,0.0825377445474731,0.0183175759849408
"5",0,20,7,"highest","degree",150,0.1,0.0792154447190287,0.0307174265135666
"5",0,20,7,"highest","degree",150,0.9,0.0769059694662984,0.0157990720967319
"5",0,20,7,"lowest","centbet",150,0.1,0.0824593955358281,0.0304091283556691
"5",0,20,7,"lowest","centbet",150,0.9,0.0867780856832514,0.0170229358909204
"5",0,20,7,"lowest","centclos",150,0.1,0.0840697294472122,0.0335616347740103
"5",0,20,7,"lowest","centclos",150,0.9,0.083863082297915,0.017239387058236
"5",0,20,7,"lowest","centeigen",150,0.1,0.0861099495919273,0.0356312751032997
"5",0,20,7,"lowest","centeigen",150,0.9,0.0845623786793482,0.0173060141900205
"5",0,20,7,"lowest","cluscoeff",150,0.1,0.0822975316804312,0.0337963564828894
"5",0,20,7,"lowest","cluscoeff",150,0.9,0.0820392852005773,0.0174940561742037
"5",0,20,7,"lowest","degree",150,0.1,0.0824116478245267,0.0313099273436058
"5",0,20,7,"lowest","degree",150,0.9,0.0844905742981478,0.0170083597567716
"5",0,20,7,"random","none",150,0.1,0.080156136578036,0.0303419461908637
"5",0,20,7,"random","none",150,0.9,0.0818712586676009,0.0167293882568432
"5",5,0,NA,"none","none",150,0.1,0.0667498054754965,0.0248177879281448
"5",5,0,NA,"none","none",150,0.9,0.0666619073517066,0.0138848570769763
"5",5,20,7,"highest","centbet",150,0.1,0.0555719920845394,0.0229619583606566
"5",5,20,7,"highest","centbet",150,0.9,0.0546032433080648,0.012449668507662
"5",5,20,7,"highest","centclos",150,0.1,0.0560464875211544,0.0235920586301844
"5",5,20,7,"highest","centclos",150,0.9,0.0547680923149284,0.0120677899245728
"5",5,20,7,"highest","centeigen",150,0.1,0.0570888718659507,0.0251404695703625
"5",5,20,7,"highest","centeigen",150,0.9,0.0551095585884613,0.0126732484739023
"5",5,20,7,"highest","cluscoeff",150,0.1,0.0573192985883761,0.0214962637221244
"5",5,20,7,"highest","cluscoeff",150,0.9,0.0572281841867353,0.0128175393504699
"5",5,20,7,"highest","degree",150,0.1,0.0543296517259001,0.0217374179780354
"5",5,20,7,"highest","degree",150,0.9,0.0532619190419142,0.0114553312084216
"5",5,20,7,"lowest","centbet",150,0.1,0.058967300815546,0.0223942919103022
"5",5,20,7,"lowest","centbet",150,0.9,0.0570302914433306,0.0121233332296918
"5",5,20,7,"lowest","centclos",150,0.1,0.0589765064098258,0.0243969798966395
"5",5,20,7,"lowest","centclos",150,0.9,0.0591558722626072,0.0136493248665516
"5",5,20,7,"lowest","centeigen",150,0.1,0.0583428353693976,0.0237568329307893
"5",5,20,7,"lowest","centeigen",150,0.9,0.0584691447305147,0.0130775495752367
"5",5,20,7,"lowest","cluscoeff",150,0.1,0.0578307799862291,0.0241602431276625
"5",5,20,7,"lowest","cluscoeff",150,0.9,0.0576781417048976,0.0127434667077519
"5",5,20,7,"lowest","degree",150,0.1,0.058286109688623,0.0228961565566871
"5",5,20,7,"lowest","degree",150,0.9,0.0582440715377395,0.0126744723788882
"5",5,20,7,"random","none",150,0.1,0.0578905727736449,0.023302523434072
"5",5,20,7,"random","none",150,0.9,0.057418499301747,0.0127369388106592
"5",20,0,NA,"none","none",150,0.1,0.0338564170291525,0.0144000645183284
"5",20,0,NA,"none","none",150,0.9,0.0330528497610667,0.00815990128258903
"5",20,20,7,"highest","centbet",150,0.1,0.02881416816844,0.0130110522347904
"5",20,20,7,"highest","centbet",150,0.9,0.0295570484584473,0.00748427357754622
"5",20,20,7,"highest","centclos",150,0.1,0.0296642689631993,0.0126174162141918
"5",20,20,7,"highest","centclos",150,0.9,0.0292803983468298,0.00714441659272211
"5",20,20,7,"highest","centeigen",150,0.1,0.0306143728086485,0.0130543304423745
"5",20,20,7,"highest","centeigen",150,0.9,0.0296528155385663,0.00736693493993552
"5",20,20,7,"highest","cluscoeff",150,0.1,0.030218313532518,0.0130548068827095
"5",20,20,7,"highest","cluscoeff",150,0.9,0.0295221204215708,0.00722734423411955
"5",20,20,7,"highest","degree",150,0.1,0.0298163555114376,0.0133261687642393
"5",20,20,7,"highest","degree",150,0.9,0.0283676579990549,0.00706004232803163
"5",20,20,7,"lowest","centbet",150,0.1,0.0301817214328393,0.0124854715697519
"5",20,20,7,"lowest","centbet",150,0.9,0.030503997278232,0.00748644783784543
"5",20,20,7,"lowest","centclos",150,0.1,0.030243470793971,0.0131122780285946
"5",20,20,7,"lowest","centclos",150,0.9,0.0298261000852549,0.00767662993645676
"5",20,20,7,"lowest","centeigen",150,0.1,0.0303262674770085,0.0129161846286586
"5",20,20,7,"lowest","centeigen",150,0.9,0.0306417619353814,0.00770267496592823
"5",20,20,7,"lowest","cluscoeff",150,0.1,0.0308762868234612,0.0139492216314761
"5",20,20,7,"lowest","cluscoeff",150,0.9,0.0297459201186126,0.00703208383121808
"5",20,20,7,"lowest","degree",150,0.1,0.0304739824744583,0.0134037934737218
"5",20,20,7,"lowest","degree",150,0.9,0.0301781313316223,0.00745390416005992
"5",20,20,7,"random","none",150,0.1,0.0308739713189595,0.0132876628147664
"5",20,20,7,"random","none",150,0.9,0.0305680816179257,0.00782705043927308
"6",0,0,NA,"none","none",150,0.1,0.0983739155960932,0.0342159177230624
"6",0,0,NA,"none","none",150,0.9,0.101554583113127,0.0189442258734511
"6",0,20,7,"highest","centbet",150,0.1,0.080929650251654,0.0316084181098696
"6",0,20,7,"highest","centbet",150,0.9,0.0748423824688856,0.0157979451022085
"6",0,20,7,"highest","centclos",150,0.1,0.0834925553612309,0.0336631707752658
"6",0,20,7,"highest","centclos",150,0.9,0.0794423623761425,0.0170677110488689
"6",0,20,7,"highest","centeigen",150,0.1,0.0842183755352068,0.0341283075801506
"6",0,20,7,"highest","centeigen",150,0.9,0.0783556803130059,0.0173262744418329
"6",0,20,7,"highest","cluscoeff",150,0.1,0.08423469674857,0.0326005557916696
"6",0,20,7,"highest","cluscoeff",150,0.9,0.0801767156178747,0.016690945719437
"6",0,20,7,"highest","degree",150,0.1,0.0790691253773669,0.0306918994694018
"6",0,20,7,"highest","degree",150,0.9,0.0780717119514817,0.0162453030139577
"6",0,20,7,"lowest","centbet",150,0.1,0.0824444234901752,0.0289664442153264
"6",0,20,7,"lowest","centbet",150,0.9,0.0873268819191792,0.0180341134799354
"6",0,20,7,"lowest","centclos",150,0.1,0.0843769210062814,0.0336563585424727
"6",0,20,7,"lowest","centclos",150,0.9,0.0859357270342107,0.0172310573362119
"6",0,20,7,"lowest","centeigen",150,0.1,0.0866365057293045,0.0350068290062175
"6",0,20,7,"lowest","centeigen",150,0.9,0.0866968576124947,0.0183858894803245
"6",0,20,7,"lowest","cluscoeff",150,0.1,0.0814065585683765,0.0323798492066876
"6",0,20,7,"lowest","cluscoeff",150,0.9,0.0818753982910119,0.0177601322238094
"6",0,20,7,"lowest","degree",150,0.1,0.0831719324872233,0.0315914738068205
"6",0,20,7,"lowest","degree",150,0.9,0.0834326489405617,0.0159342215105564
"6",0,20,7,"random","none",150,0.1,0.0825066158844432,0.031609751996421
"6",0,20,7,"random","none",150,0.9,0.0798222121032928,0.0153558051910162
"6",5,0,NA,"none","none",150,0.1,0.0668399372059889,0.0247318709072566
"6",5,0,NA,"none","none",150,0.9,0.0681201420025527,0.0136479960507627
"6",5,20,7,"highest","centbet",150,0.1,0.0590877401620738,0.0233006590002926
"6",5,20,7,"highest","centbet",150,0.9,0.0535655299932486,0.011638915376794
"6",5,20,7,"highest","centclos",150,0.1,0.0583609303439506,0.0258493281958962
"6",5,20,7,"highest","centclos",150,0.9,0.0557816809956085,0.0119434044600393
"6",5,20,7,"highest","centeigen",150,0.1,0.0568783193878378,0.0259722815704951
"6",5,20,7,"highest","centeigen",150,0.9,0.0562322928980838,0.0125292422897908
"6",5,20,7,"highest","cluscoeff",150,0.1,0.0568540972501985,0.0216681850342388
"6",5,20,7,"highest","cluscoeff",150,0.9,0.0550636877679566,0.0125363755233636
"6",5,20,7,"highest","degree",150,0.1,0.0568927376119524,0.0226693374342729
"6",5,20,7,"highest","degree",150,0.9,0.0531666026989167,0.0117736423700786
"6",5,20,7,"lowest","centbet",150,0.1,0.057792081586335,0.0227446892341967
"6",5,20,7,"lowest","centbet",150,0.9,0.0577721799589654,0.0129923280929854
"6",5,20,7,"lowest","centclos",150,0.1,0.0574042078267395,0.0237092250980208
"6",5,20,7,"lowest","centclos",150,0.9,0.0599802906277383,0.0134222487160241
"6",5,20,7,"lowest","centeigen",150,0.1,0.0585183656834353,0.0234220554009687
"6",5,20,7,"lowest","centeigen",150,0.9,0.0579154020305351,0.0131360614690707
"6",5,20,7,"lowest","cluscoeff",150,0.1,0.0572135055270273,0.0241484415915212
"6",5,20,7,"lowest","cluscoeff",150,0.9,0.0563863297459849,0.0124440774633926
"6",5,20,7,"lowest","degree",150,0.1,0.055925952865424,0.0233802736144077
"6",5,20,7,"lowest","degree",150,0.9,0.0592816144428903,0.0127423210075825
"6",5,20,7,"random","none",150,0.1,0.0577877882532967,0.0227595982643159
"6",5,20,7,"random","none",150,0.9,0.0556603943183134,0.012547024069286
"6",20,0,NA,"none","none",150,0.1,0.033240347220076,0.0135857743691442
"6",20,0,NA,"none","none",150,0.9,0.0329358435616443,0.00777892630505332
"6",20,20,7,"highest","centbet",150,0.1,0.0305729004876205,0.0135952995321593
"6",20,20,7,"highest","centbet",150,0.9,0.029588906302248,0.00767373635313998
"6",20,20,7,"highest","centclos",150,0.1,0.0301334473272883,0.0131669244438561
"6",20,20,7,"highest","centclos",150,0.9,0.0289492741062729,0.00695336887436645
"6",20,20,7,"highest","centeigen",150,0.1,0.0298597720556925,0.0128428098303685
"6",20,20,7,"highest","centeigen",150,0.9,0.0297484229088652,0.00733363918050683
"6",20,20,7,"highest","cluscoeff",150,0.1,0.0299002356010685,0.0125915624533796
"6",20,20,7,"highest","cluscoeff",150,0.9,0.0302216746978842,0.00789967766402644
"6",20,20,7,"highest","degree",150,0.1,0.0306584511125242,0.0131963266289288
"6",20,20,7,"highest","degree",150,0.9,0.0295322792345793,0.00748906618270777
"6",20,20,7,"lowest","centbet",150,0.1,0.0297538326860966,0.012281852231152
"6",20,20,7,"lowest","centbet",150,0.9,0.030648152419633,0.00739112459865324
"6",20,20,7,"lowest","centclos",150,0.1,0.0302635587934081,0.0126075939218875
"6",20,20,7,"lowest","centclos",150,0.9,0.0308444445891221,0.00829287600741711
"6",20,20,7,"lowest","centeigen",150,0.1,0.0304695084343561,0.0134972653350398
"6",20,20,7,"lowest","centeigen",150,0.9,0.0313465242882444,0.00814524919085416
"6",20,20,7,"lowest","cluscoeff",150,0.1,0.0303862327219938,0.0131457989660577
"6",20,20,7,"lowest","cluscoeff",150,0.9,0.0301899820460228,0.00751686928149351
"6",20,20,7,"lowest","degree",150,0.1,0.0301163788724812,0.0135168673468292
"6",20,20,7,"lowest","degree",150,0.9,0.0310207327656893,0.00776204662816805
"6",20,20,7,"random","none",150,0.1,0.0304691779234299,0.0128445029877441
"6",20,20,7,"random","none",150,0.9,0.0296030100395212,0.00733390331080624
"7",0,0,NA,"none","none",150,0.1,0.0984688623267976,0.0368898664939976
"7",0,0,NA,"none","none",150,0.9,0.0983043474936875,0.0188468285243592
"7",0,20,7,"highest","centbet",150,0.1,0.269030237530461,0.0742212565483312
"7",0,20,7,"highest","centbet",150,0.9,0.310079179120264,0.031615740155339
"7",0,20,7,"highest","centclos",150,0.1,0.25414158693881,0.104740724516965
"7",0,20,7,"highest","centclos",150,0.9,0.298975432982866,0.037670687236617
"7",0,20,7,"highest","centeigen",150,0.1,0.248190959410458,0.132014113185155
"7",0,20,7,"highest","centeigen",150,0.9,0.296384799668957,0.0441099179491231
"7",0,20,7,"highest","cluscoeff",150,0.1,0.258008456003921,0.0800211679753033
"7",0,20,7,"highest","cluscoeff",150,0.9,0.271427417691083,0.042164510061153
"7",0,20,7,"highest","degree",150,0.1,0.283116628196173,0.0713252906062807
"7",0,20,7,"highest","degree",150,0.9,0.309810209034867,0.0338924654611327
"7",0,20,7,"lowest","centbet",150,0.1,0.247026846191243,0.083389415564935
"7",0,20,7,"lowest","centbet",150,0.9,0.226725680073258,0.0299336067108596
"7",0,20,7,"lowest","centclos",150,0.1,0.238117336841155,0.142612282853719
"7",0,20,7,"lowest","centclos",150,0.9,0.227664141575482,0.0394223584200778
"7",0,20,7,"lowest","centeigen",150,0.1,0.231839489847979,0.143433276888723
"7",0,20,7,"lowest","centeigen",150,0.9,0.224667270672191,0.0427706272763564
"7",0,20,7,"lowest","cluscoeff",150,0.1,0.264175954708963,0.0828296553843744
"7",0,20,7,"lowest","cluscoeff",150,0.9,0.264135678378327,0.0339993652827404
"7",0,20,7,"lowest","degree",150,0.1,0.248681918829966,0.0682722981447605
"7",0,20,7,"lowest","degree",150,0.9,0.229659111626853,0.0304055382089953
"7",0,20,7,"random","none",150,0.1,0.269587586826637,0.0731512850777308
"7",0,20,7,"random","none",150,0.9,0.264441593387517,0.0326826376747147
"7",5,0,NA,"none","none",150,0.1,0.0687638834304259,0.0261044356637984
"7",5,0,NA,"none","none",150,0.9,0.065865361965361,0.013912009576354
"7",5,20,7,"highest","centbet",150,0.1,0.209831129851964,0.0629466460398513
"7",5,20,7,"highest","centbet",150,0.9,0.24083980356217,0.0261364558260244
"7",5,20,7,"highest","centclos",150,0.1,0.197537297662086,0.0923707474655267
"7",5,20,7,"highest","centclos",150,0.9,0.230588378910524,0.0315434001352054
"7",5,20,7,"highest","centeigen",150,0.1,0.196699572656471,0.119157518783073
"7",5,20,7,"highest","centeigen",150,0.9,0.228090257081288,0.0377417100840222
"7",5,20,7,"highest","cluscoeff",150,0.1,0.197991418251796,0.0678316642293054
"7",5,20,7,"highest","cluscoeff",150,0.9,0.212452500313422,0.0345138193461579
"7",5,20,7,"highest","degree",150,0.1,0.221522229468844,0.0615084822055471
"7",5,20,7,"highest","degree",150,0.9,0.240905154497749,0.0279942356385897
"7",5,20,7,"lowest","centbet",150,0.1,0.191847493518115,0.0701971368566676
"7",5,20,7,"lowest","centbet",150,0.9,0.175686793065353,0.0249165291183469
"7",5,20,7,"lowest","centclos",150,0.1,0.187533239682362,0.122415655318794
"7",5,20,7,"lowest","centclos",150,0.9,0.172155640706152,0.0324287912724244
"7",5,20,7,"lowest","centeigen",150,0.1,0.181618092670411,0.125979018435089
"7",5,20,7,"lowest","centeigen",150,0.9,0.172707311550389,0.0375529442558608
"7",5,20,7,"lowest","cluscoeff",150,0.1,0.204360217799165,0.0724124761448793
"7",5,20,7,"lowest","cluscoeff",150,0.9,0.202745440850637,0.0302746337148361
"7",5,20,7,"lowest","degree",150,0.1,0.191033928021003,0.0571586712453722
"7",5,20,7,"lowest","degree",150,0.9,0.172634627420743,0.0257737465878485
"7",5,20,7,"random","none",150,0.1,0.204982140773267,0.0652099435507108
"7",5,20,7,"random","none",150,0.9,0.207535119568267,0.0297137059103249
"7",20,0,NA,"none","none",150,0.1,0.0332271952272501,0.0141827302317415
"7",20,0,NA,"none","none",150,0.9,0.033660448953289,0.00827626371356985
"7",20,20,7,"highest","centbet",150,0.1,0.130587556668403,0.0452791988089954
"7",20,20,7,"highest","centbet",150,0.9,0.146479871337639,0.0204115964632151
"7",20,20,7,"highest","centclos",150,0.1,0.122938035583072,0.0647913550846667
"7",20,20,7,"highest","centclos",150,0.9,0.144325341379786,0.0235415740986459
"7",20,20,7,"highest","centeigen",150,0.1,0.12422567741722,0.0848500481784971
"7",20,20,7,"highest","centeigen",150,0.9,0.141871207663834,0.0278833387174139
"7",20,20,7,"highest","cluscoeff",150,0.1,0.121262994467724,0.0478184382004969
"7",20,20,7,"highest","cluscoeff",150,0.9,0.127888493439839,0.0273532085729265
"7",20,20,7,"highest","degree",150,0.1,0.133638341033789,0.0435445333890787
"7",20,20,7,"highest","degree",150,0.9,0.148632122326348,0.0205531632125326
"7",20,20,7,"lowest","centbet",150,0.1,0.118122713989042,0.0496917150902589
"7",20,20,7,"lowest","centbet",150,0.9,0.10489938556164,0.0178367842653894
"7",20,20,7,"lowest","centclos",150,0.1,0.116447292345395,0.0897619500366574
"7",20,20,7,"lowest","centclos",150,0.9,0.105151662201629,0.0244884412057199
"7",20,20,7,"lowest","centeigen",150,0.1,0.114540428933697,0.0931852824274895
"7",20,20,7,"lowest","centeigen",150,0.9,0.106890842026192,0.0284978802182954
"7",20,20,7,"lowest","cluscoeff",150,0.1,0.126408083333369,0.0490485225005563
"7",20,20,7,"lowest","cluscoeff",150,0.9,0.124963500773172,0.0219165556536422
"7",20,20,7,"lowest","degree",150,0.1,0.115220704054268,0.0388233214986363
"7",20,20,7,"lowest","degree",150,0.9,0.105713796372153,0.0191017245406803
"7",20,20,7,"random","none",150,0.1,0.124233494452568,0.0436112555752324
"7",20,20,7,"random","none",150,0.9,0.126205311858167,0.0219204695371571
"8",0,0,NA,"none","none",150,0.1,0.101309580706125,0.0360556566918943
"8",0,0,NA,"none","none",150,0.9,0.0997888160458901,0.019001856805521
"8",0,20,7,"highest","centbet",150,0.1,0.0810464118807749,0.0318087771414889
"8",0,20,7,"highest","centbet",150,0.9,0.0754853076614141,0.0160504261471408
"8",0,20,7,"highest","centclos",150,0.1,0.0835432921579207,0.0356502377381817
"8",0,20,7,"highest","centclos",150,0.9,0.0773089562253166,0.0167994553086626
"8",0,20,7,"highest","centeigen",150,0.1,0.0830643978900555,0.0348963071437706
"8",0,20,7,"highest","centeigen",150,0.9,0.0786516926020078,0.0157430432382315
"8",0,20,7,"highest","cluscoeff",150,0.1,0.081841546136591,0.0297186914926964
"8",0,20,7,"highest","cluscoeff",150,0.9,0.0790946511467222,0.0160432010284803
"8",0,20,7,"highest","degree",150,0.1,0.0808508449213838,0.0311314079821993
"8",0,20,7,"highest","degree",150,0.9,0.0765072830296637,0.0158685354164327
"8",0,20,7,"lowest","centbet",150,0.1,0.0856381558893231,0.0316813579222593
"8",0,20,7,"lowest","centbet",150,0.9,0.0854319426242753,0.0173101800608189
"8",0,20,7,"lowest","centclos",150,0.1,0.0839899235280683,0.0345105128385407
"8",0,20,7,"lowest","centclos",150,0.9,0.087395353085499,0.0182817021363826
"8",0,20,7,"lowest","centeigen",150,0.1,0.084539174981509,0.0335690938689217
"8",0,20,7,"lowest","centeigen",150,0.9,0.0879671086033669,0.0175106658872309
"8",0,20,7,"lowest","cluscoeff",150,0.1,0.0820883290861125,0.0326109430807082
"8",0,20,7,"lowest","cluscoeff",150,0.9,0.0812782148969735,0.0167241241022239
"8",0,20,7,"lowest","degree",150,0.1,0.0851302181111786,0.0328435671235908
"8",0,20,7,"lowest","degree",150,0.9,0.0858385188741131,0.0177096696257175
"8",0,20,7,"random","none",150,0.1,0.0804588685558863,0.0296423200085366
"8",0,20,7,"random","none",150,0.9,0.0817472170651068,0.0162634790699134
"8",5,0,NA,"none","none",150,0.1,0.0664222246728466,0.025258862020908
"8",5,0,NA,"none","none",150,0.9,0.0678456289647496,0.0147750423209467
"8",5,20,7,"highest","centbet",150,0.1,0.0564661717284375,0.0225256586138031
"8",5,20,7,"highest","centbet",150,0.9,0.0544910223020422,0.0123676291985912
"8",5,20,7,"highest","centclos",150,0.1,0.0578083224918572,0.0240285885403308
"8",5,20,7,"highest","centclos",150,0.9,0.0539328955708921,0.0122251586390603
"8",5,20,7,"highest","centeigen",150,0.1,0.0552755623799718,0.0234893731696816
"8",5,20,7,"highest","centeigen",150,0.9,0.0558396235678921,0.0127434347646976
"8",5,20,7,"highest","cluscoeff",150,0.1,0.0571004911347518,0.0219472891919371
"8",5,20,7,"highest","cluscoeff",150,0.9,0.0571412723010325,0.0128790572008517
"8",5,20,7,"highest","degree",150,0.1,0.0554655792726711,0.0223105834446904
"8",5,20,7,"highest","degree",150,0.9,0.0535985405806452,0.0113702822179117
"8",5,20,7,"lowest","centbet",150,0.1,0.057715480240479,0.0222804825567117
"8",5,20,7,"lowest","centbet",150,0.9,0.0578849759686346,0.0128276107643697
"8",5,20,7,"lowest","centclos",150,0.1,0.0580229614812461,0.0228933217518124
"8",5,20,7,"lowest","centclos",150,0.9,0.0574628519053161,0.0137511723949371
"8",5,20,7,"lowest","centeigen",150,0.1,0.0587394522769073,0.0237472492254758
"8",5,20,7,"lowest","centeigen",150,0.9,0.0571948952573208,0.0126923376878074
"8",5,20,7,"lowest","cluscoeff",150,0.1,0.0566248705748868,0.0238189179934527
"8",5,20,7,"lowest","cluscoeff",150,0.9,0.0560639440021664,0.0124441878145434
"8",5,20,7,"lowest","degree",150,0.1,0.0587033588843557,0.0229270102571194
"8",5,20,7,"lowest","degree",150,0.9,0.0588991388067354,0.0129827618365895
"8",5,20,7,"random","none",150,0.1,0.0567108846376908,0.0223176905414832
"8",5,20,7,"random","none",150,0.9,0.0563630396547851,0.0115313840855173
"8",20,0,NA,"none","none",150,0.1,0.0329187361903815,0.013633201267154
"8",20,0,NA,"none","none",150,0.9,0.0341858137243566,0.00832695512227158
"8",20,20,7,"highest","centbet",150,0.1,0.030174934929494,0.0131468951270314
"8",20,20,7,"highest","centbet",150,0.9,0.0295258446516826,0.00710068441727851
"8",20,20,7,"highest","centclos",150,0.1,0.0297204115480747,0.0132955653628028
"8",20,20,7,"highest","centclos",150,0.9,0.0300501671528211,0.00732343341046718
"8",20,20,7,"highest","centeigen",150,0.1,0.0305791521693089,0.0133771242480065
"8",20,20,7,"highest","centeigen",150,0.9,0.0293062095488644,0.00710451114738408
"8",20,20,7,"highest","cluscoeff",150,0.1,0.029641043714786,0.0130633502648748
"8",20,20,7,"highest","cluscoeff",150,0.9,0.029974390228701,0.00761538286495823
"8",20,20,7,"highest","degree",150,0.1,0.0291024126771942,0.0122595342651269
"8",20,20,7,"highest","degree",150,0.9,0.0294814758047673,0.00687411148919841
"8",20,20,7,"lowest","centbet",150,0.1,0.0300626966884254,0.0126874499338725
"8",20,20,7,"lowest","centbet",150,0.9,0.0312059737703881,0.00804416403521096
"8",20,20,7,"lowest","centclos",150,0.1,0.0297533741769356,0.0128143920160587
"8",20,20,7,"lowest","centclos",150,0.9,0.0307749227893654,0.00757938079809621
"8",20,20,7,"lowest","centeigen",150,0.1,0.0315846501082088,0.0134348648181014
"8",20,20,7,"lowest","centeigen",150,0.9,0.0305282218803721,0.00782836446983145
"8",20,20,7,"lowest","cluscoeff",150,0.1,0.0303009029933522,0.013321401004385
"8",20,20,7,"lowest","cluscoeff",150,0.9,0.0303057448617805,0.00700715997543368
"8",20,20,7,"lowest","degree",150,0.1,0.0306037190754844,0.0130619355717398
"8",20,20,7,"lowest","degree",150,0.9,0.0308308415030242,0.00749268714525369
"8",20,20,7,"random","none",150,0.1,0.0299368137907328,0.0130851989825524
"8",20,20,7,"random","none",150,0.9,0.0291965877499597,0.00738174785913775
"9",0,0,NA,"none","none",150,0.1,0.100646229455733,0.0374696589320616
"9",0,0,NA,"none","none",150,0.9,0.0987913259758562,0.0196527825862102
"9",0,20,7,"highest","centbet",150,0.1,0.0806647673644375,0.0320370054122698
"9",0,20,7,"highest","centbet",150,0.9,0.0760731570513304,0.015400800877542
"9",0,20,7,"highest","centclos",150,0.1,0.0811400330559106,0.0327283051477175
"9",0,20,7,"highest","centclos",150,0.9,0.0765373687934587,0.0168806214165233
"9",0,20,7,"highest","centeigen",150,0.1,0.0816640874429244,0.033571886096963
"9",0,20,7,"highest","centeigen",150,0.9,0.0786706272251289,0.01680339220651
"9",0,20,7,"highest","cluscoeff",150,0.1,0.0826069826887352,0.0310694144393387
"9",0,20,7,"highest","cluscoeff",150,0.9,0.0836892655929867,0.0186268208916769
"9",0,20,7,"highest","degree",150,0.1,0.0780880348889225,0.0285538015861245
"9",0,20,7,"highest","degree",150,0.9,0.0744679079570403,0.015827587376585
"9",0,20,7,"lowest","centbet",150,0.1,0.0829923010392721,0.0309600179748748
"9",0,20,7,"lowest","centbet",150,0.9,0.0861405517033248,0.0175559055226111
"9",0,20,7,"lowest","centclos",150,0.1,0.0832921559438536,0.0332226696479571
"9",0,20,7,"lowest","centclos",150,0.9,0.0877201063399533,0.0171176924571583
"9",0,20,7,"lowest","centeigen",150,0.1,0.0852318855314252,0.0340090476833164
"9",0,20,7,"lowest","centeigen",150,0.9,0.0852953990760314,0.0177110492345713
"9",0,20,7,"lowest","cluscoeff",150,0.1,0.0804287072771326,0.0329569149059599
"9",0,20,7,"lowest","cluscoeff",150,0.9,0.0815303110019326,0.0170937029917604
"9",0,20,7,"lowest","degree",150,0.1,0.0831613457185375,0.0317259309807032
"9",0,20,7,"lowest","degree",150,0.9,0.0895517304532894,0.0181901298607036
"9",0,20,7,"random","none",150,0.1,0.0795495627762608,0.0311482840798442
"9",0,20,7,"random","none",150,0.9,0.0843254918937279,0.0168711847568579
"9",5,0,NA,"none","none",150,0.1,0.0645067797184862,0.0244849381692288
"9",5,0,NA,"none","none",150,0.9,0.0670890004293827,0.0138964357648165
"9",5,20,7,"highest","centbet",150,0.1,0.0565319927491972,0.0231486390662822
"9",5,20,7,"highest","centbet",150,0.9,0.0531980012536723,0.011548786453087
"9",5,20,7,"highest","centclos",150,0.1,0.0583729832355143,0.0245835419118628
"9",5,20,7,"highest","centclos",150,0.9,0.0557342531094642,0.0130737313555081
"9",5,20,7,"highest","centeigen",150,0.1,0.0569549773563535,0.0240400612082459
"9",5,20,7,"highest","centeigen",150,0.9,0.0543988869642076,0.0127287672976528
"9",5,20,7,"highest","cluscoeff",150,0.1,0.0583252629690437,0.0234450737900175
"9",5,20,7,"highest","cluscoeff",150,0.9,0.0564424673959262,0.012517484353534
"9",5,20,7,"highest","degree",150,0.1,0.0559941245048092,0.0216463388374972
"9",5,20,7,"highest","degree",150,0.9,0.0549450310914979,0.0126238122343899
"9",5,20,7,"lowest","centbet",150,0.1,0.0578818571223876,0.0216478356983922
"9",5,20,7,"lowest","centbet",150,0.9,0.0583253687197319,0.0134636540777755
"9",5,20,7,"lowest","centclos",150,0.1,0.0592456040019564,0.024328115392674
"9",5,20,7,"lowest","centclos",150,0.9,0.0579666305745758,0.0131131108601217
"9",5,20,7,"lowest","centeigen",150,0.1,0.0582700038356118,0.0252909472757228
"9",5,20,7,"lowest","centeigen",150,0.9,0.060028329745543,0.0125381746762303
"9",5,20,7,"lowest","cluscoeff",150,0.1,0.0557005832630555,0.023009809568057
"9",5,20,7,"lowest","cluscoeff",150,0.9,0.0555686813639434,0.0121743872218002
"9",5,20,7,"lowest","degree",150,0.1,0.059301803746255,0.0243362161302016
"9",5,20,7,"lowest","degree",150,0.9,0.0583689881578967,0.0135842373633233
"9",5,20,7,"random","none",150,0.1,0.0552496534983367,0.0221319856124105
"9",5,20,7,"random","none",150,0.9,0.0585095833001304,0.0132085772987545
"9",20,0,NA,"none","none",150,0.1,0.0335440518094803,0.014123586900634
"9",20,0,NA,"none","none",150,0.9,0.0330906545499851,0.00765268280219622
"9",20,20,7,"highest","centbet",150,0.1,0.0297459865455821,0.0129154543190539
"9",20,20,7,"highest","centbet",150,0.9,0.0294131749555807,0.00726868469985714
"9",20,20,7,"highest","centclos",150,0.1,0.030494603288285,0.0136493263087734
"9",20,20,7,"highest","centclos",150,0.9,0.0290895273976751,0.00759105743224136
"9",20,20,7,"highest","centeigen",150,0.1,0.0300454420120012,0.013200220627014
"9",20,20,7,"highest","centeigen",150,0.9,0.0294371128027834,0.00702418478044716
"9",20,20,7,"highest","cluscoeff",150,0.1,0.0305522790061674,0.0127655326290629
"9",20,20,7,"highest","cluscoeff",150,0.9,0.0296861295761387,0.0074042694795458
"9",20,20,7,"highest","degree",150,0.1,0.029600250846298,0.0131790422854576
"9",20,20,7,"highest","degree",150,0.9,0.028908011800466,0.00693578855601113
"9",20,20,7,"lowest","centbet",150,0.1,0.0308748770114369,0.0132356968572761
"9",20,20,7,"lowest","centbet",150,0.9,0.0296982714804893,0.00769739667700722
"9",20,20,7,"lowest","centclos",150,0.1,0.0309369205846839,0.0128321843962763
"9",20,20,7,"lowest","centclos",150,0.9,0.0304167188243442,0.00730864989136798
"9",20,20,7,"lowest","centeigen",150,0.1,0.030480316798442,0.0130345941668798
"9",20,20,7,"lowest","centeigen",150,0.9,0.0307271030442625,0.00775920649152179
"9",20,20,7,"lowest","cluscoeff",150,0.1,0.029949301387803,0.013262094047365
"9",20,20,7,"lowest","cluscoeff",150,0.9,0.0293258395547991,0.00689097292129324
"9",20,20,7,"lowest","degree",150,0.1,0.0309228646170784,0.0134791261274797
"9",20,20,7,"lowest","degree",150,0.9,0.0317188266348023,0.00772689734728794
"9",20,20,7,"random","none",150,0.1,0.0296501114287295,0.0131412825766768
"9",20,20,7,"random","none",150,0.9,0.029814018739679,0.00739964722130407
